2827,Americas Minor North America Qualifier - PGL Major Krakow 2017,0,0,0,0
2807,4Gamers CS:GO Masters,0,0,1,0
2772,ESL Meisterschaft Spring 2017 Finals,0,0,1,0
2845,PC-COOLERS LEAGUE CS:GO,0,0,0,0
2846,King of Nordic Season 7,0,0,0,0
2705,Mettlestate Galaxy CS:GO Championship 2017,0,0,0,0
2819,Europe Minor Qualifier 2 - PGL Major Krakow 2017,0,0,1,0
2843,ESL South East Europe Championship Season 5,0,0,0,0
2842,CEVO Main Season 12 Europe,1,0,1,0
2713,IEM Sydney 2017,0,0,1,1
2841,CEVO Main Season 12 North America,1,0,0,0
2840,UnderDogs #5,0,0,0,0
2813,Hellcase Cup 4,0,0,1,0
2837,Playing Ducks HomeMasters 2 Qualifier,0,0,0,0
2794,ESL One Cologne 2017 - North America Qualifier 2,0,0,0,0
2839,Tiger Masters Season 3 Qualification #1,0,0,0,0
2788,Asia Minor Oceania Qualifier - PGL Major Krakow 2017,0,0,0,0
2798,ESL Polish Championship 2017,0,0,1,0
2826,Americas Minor South America Qualifier - PGL Major Krakow 2017,0,0,0,0
2791,ESL One Cologne 2017 - Europe Qualifier 2,0,0,1,0
2818,Europe Minor Qualifier 1 - PGL Major Krakow 2017,0,0,1,0
2567,DreamHack Open Austin 2017,0,0,1,1
2787,Asia Minor SEA and India Qualifier - PGL Major Krakow 2017,0,0,0,0
2833,The Adria Masters Season 1,0,0,0,0
2835,Binary Dragons csgopolygon Cup 6,1,0,1,0
2830,ArcaneBet Balkan ProLeague Season 2,1,0,0,0
2831,Liga PRO Alienware GamersClub #3,0,0,0,0
2812,Hellcase Cup 4 Closed Qualifier,0,0,0,0
2829,Yoggi Yalla Cup 2017 - Qualifier 5,0,0,0,0
2825,Douyu CS:GO Asia Invitational,0,0,1,0
2816,Over The Limits Cup #1,0,0,0,0
2790,ESL One Cologne 2017 - Europe Qualifier 1,0,0,1,0
2824,Dust2.dk eOddset Masters #9 Finals,0,0,0,1
2793,ESL One Cologne 2017 - North America Qualifier 1,0,0,1,0
2823,Minho Electronic Esports Cup,0,0,0,0
2808,InfoShow Lan Party 2017,0,0,0,0
2785,Asia Minor Middle East Qualifier - PGL Major Krakow 2017,0,0,0,0
2786,Asia Minor East Asia Qualifier - PGL Major Krakow 2017,0,0,1,0
2641,cs_summit Spring 2017,0,0,1,0
2814,Stream.me Gauntlet: CIS vs EU #4,0,0,0,0
2773,ESEA Open Season 24 Latin America,0,0,0,0
2809,BETSCSGO CUP #1,0,0,0,0
2810,Dust2.dk eOddset Masters #9 IWDK Edition,0,0,0,0
2805,5K Maximum Level Season 1,0,0,0,0
2779,ESL Major League Spring 2017,0,0,0,0
2806,Yoggi Yalla Cup 2017 - Qualifier 4,0,0,0,0
2804,TTU e-Sport Spring 2017,0,0,0,0
2799,German Clash Season 1 Finals,0,0,0,0
2729,ECS Season 3 North America,1,0,1,0
2759,UK Masters Spring 2017 Finals,0,0,0,0
2803,SLTV ProSeries XVII,0,0,0,0
2753,Copenhagen Games 2017,0,0,1,1
2675,Copenhagen Games 2017 BYOC Qualifier,0,0,0,1
2663,Copenhagen Games 2017 Female,0,1,0,1
2789,ESEA Main Season 24 North America,0,0,0,0
2800,Danish Championship 2017,0,0,0,1
2751,ESEA Open Season 24 South Africa,0,0,0,0
2784,Yoggi Yalla Cup 2017 - Qualifier 3,0,0,0,0
2775,CyberGamer Intermediate Season 10 Finals,0,0,0,0
2783,Brasil Game Cup Rio 2017,0,0,0,0
2782,ESEA Main Season 24 Europe,0,0,0,0
2781,Headshot Cup #1,0,0,0,0
2765,Acer CyberGamer Premier League Autumn 2017 Finals,0,0,0,0
2752,ESEA Open Season 24 Asia-Pacific,0,0,0,0
2776,Israel GAMEIN Championship,0,0,0,0
2750,ESEA Open Season 24 Brazil,0,0,0,0
2768,Arab Gaming Championship,0,0,0,0
2767,Stream.me Gauntlet: CIS vs EU #3,0,0,0,0
2771,Dust2.dk eOddset Masters #8,0,0,0,0
2748,ESEA Premier Season 24 Australia,0,0,0,0
2683,SL i-League StarSeries Season 3 Finals,0,0,1,1
2770,Yoggi Yalla Cup 2017 - Qualifier 2,0,0,0,0
2769,Operation: Kinguin #4,0,0,0,0
2746,DreamHack Open Tours 2017 North America Closed Qualifier,0,0,1,0
2744,DreamHack Open Tours 2017 Europe Closed Qualifier,0,0,1,0
2681,Esports Arena Showdown V,0,0,0,0
2745,DreamHack Open Tours 2017 North America Open Qualifier,0,0,0,0
2761,iBUYPOWER Invitational Spring 2017,0,0,1,0
2758,UK Masters Spring 2017,0,0,0,0
2700,European Master Series 1,0,0,0,0
2743,DreamHack Open Tours 2017 Europe Open Qualifier,0,0,1,0
2764,ROG COOL League Season 1 LAN Finals,0,0,0,0
2742,Legend Series #1 Finals,0,0,0,0
2739,Serbian First League S2 LAN Finals,0,0,0,0
2755,IEM Sydney 2017 ANZ Closed Qualifier,0,0,0,0
2762,Mega8 Autumn Cup 2017,0,0,0,0
2760,Liga PRO Alienware GamersClub #2,0,0,0,0
2756,Yoggi Yalla Cup 2017 - Qualifier 1,0,0,0,0
2732,Binary Dragons csgopolygon Season 1,0,0,1,0
2738,DreamHack Open Austin 2017 North America Closed Qualifier,0,0,1,0
2726,ECS Season 3 EU Promotion,0,0,1,0
2731,Hellcase Cup 3,0,0,1,0
2736,DreamHack Open Austin 2017 Europe Closed Qualifier,0,0,1,0
2740,FPSThailand x SteelSeries Pro League,0,0,0,0
2754,IEM Sydney 2017 ANZ Open Qualifier,0,0,0,0
2727,ECS Season 3 NA Promotion,0,0,0,0
2737,DreamHack Open Austin 2017 North America Open Qualifier,0,0,0,0
2735,DreamHack Open Austin 2017 Europe Open Qualifier,0,0,1,0
2747,IEM Sydney 2017 China and Mongolia Qualifier,0,0,1,0
2741,Legend Series #1,0,0,0,0
2730,Hellcase Cup 3 Closed Qualifier,0,0,0,0
2733,Binary Dragons Cup 5,0,0,0,0
2734,ESL UK Premiership Spring 2017 Finals,0,0,0,0
2160,China Cup 2017,0,0,1,0
2714,SP Gaming Tournament #2,0,0,0,0
2719,Stream.me Gauntlet: CIS vs EU #2,0,0,0,0
2680,Esports Arena Showdown IV,0,0,0,0
2718,Let's Play Spring,0,0,0,0
2709, WPGI Womens Esports League,0,0,0,0
2717,eSportsArcadeTV Cup #2,0,0,0,0
2712,Liga PRO Alienware GamersClub #1,0,0,0,0
2711,Razer Rising Stars South-East Asian League,0,0,0,0
2553,ZEN Esports Network League Season 1,0,0,0,0
2708,LOG Cup #2 2017,0,0,0,0
2710,Binary Dragons Cup 4,0,0,0,0
2707,Epsilan 14,0,0,1,0
2706,LanTrek 2017,0,0,1,0
2662,Intel Challenge Katowice 2017,0,1,0,1
2704,Mettlestate Exhibition Match,0,0,0,0
2637,IEM Katowice 2017,0,0,1,1
2703,ECS Season 3 NA Development League,0,0,1,0
2702,ECS Season 3 EU Development League,0,0,1,0
2674,ESL Australia & NZ Championship Season 3,0,0,0,0
2693,ECS Season 3 NA Development League Open Qualifier #2,0,0,0,0
2701,ENTiTY Winter LAN 2017,0,0,0,0
2691,ECS Season 3 EU Development League Open Qualifier #2,0,0,1,0
2696,ZEN Esports Network Last Chance Qualifier,0,0,0,0
2660,SL i-League Season 3 China Qualifier,0,0,1,0
2698,Dust2.dk eOddset Masters #7,0,0,0,0
2694,Stream.me Gauntlet: CIS vs EU,0,0,0,0
2692,ECS Season 3 NA Development League Open Qualifier #1,0,0,0,0
2695,epic20,0,0,0,0
2690,ECS Season 3 EU Development League Open Qualifier #1,0,0,1,0
2676,ESL Australia & NZ Championship Season 3 Closed Qualifier,0,0,0,0
2541,DreamHack Masters Las Vegas 2017,0,0,1,1
2688,SL i-League Season 3 North America Qualifier,0,0,1,0
2689,Pasino Gaming Days 2017 by LanEx,0,0,0,0
2687,SL i-League Season 3 Europe Qualifier,0,0,1,0
2686,King of Nordic Season 6,0,0,0,0
2685,Binary Dragons Cup 3,0,0,0,0
2682,Liga PRO GamersClub - JAN/17,0,0,0,0
2639,ESL Pro League Season 5 North America,0,0,1,0
2638,ESL Pro League Season 5 Europe,0,0,1,0
2659,Hellcase Cup 2,0,0,1,0
2672,ESEA Premier Season 24 Europe,0,0,1,0
2677,F5 BIG LAN CUP,0,0,0,0
2658,Acer CyberGamer Premier League Autumn 2017,0,0,0,0
2678,Esports Arena Showdown III,0,0,0,0
2657,IEM Katowice 2017 NA Closed Qualifier,0,0,1,0
2655,IEM Katowice 2017 EU Closed Qualifier,0,0,1,0
2649,Assembly Winter 2017,0,0,1,0
2654,IEM Katowice 2017 EU Open Qualifier 2,0,0,1,0
2673,ESEA Premier Season 24 North America,0,0,0,0
2669,ZEN Esports Network East-Asia Qualifier,0,0,0,0
2671,iGame.com Winter Invitational,0,0,1,0
2670,LOG Cup #1 2017,0,0,0,0
2667,Hellcase Cup 2 Closed Qualifier,0,0,0,0
2666,Dust2.dk Masters #2,0,0,0,0
2665,CEVO Main Season 11 North America,0,0,0,0
2664,CEVO Main Season 11 Europe,0,0,0,0
2661,The Shootout Season 3,0,0,0,0
2471,ELEAGUE Major 2017,0,0,1,1
2656,IEM Katowice 2017 NA Open Qualifier,0,0,0,0
2643,ESL Pro League Season 4 Europe Relegation,0,0,1,0
2644,ESL Pro League Season 4 North America Relegation,0,0,0,0
2653,IEM Katowice 2017 EU Open Qualifier 1,0,0,1,0
2652,SL i-League S3 China Wild Card Qualifier,0,0,0,0
2650,Fragadelphia 10,0,0,0,0
2651,Tuddinn LAN 1 | 2017,0,0,0,0
2648,DreamHack Masters Las Vegas 2017 North America Closed Qualifier,0,0,1,0
2627,ZEN Esports Network Offline Qualifier,0,0,0,0
2566,DreamHack ASTRO Open Leipzig 2017,0,0,1,0
2647,Acer CyberGamer Premier League Autumn 2017 FFYI Qualifier,0,0,0,0
2564,WESG 2016 World Finals,0,0,1,1
2645,Dolphin CS Shoot 'Em Up 2,0,0,0,0
2646,Liga PRO GamersClub - DEC/16,0,0,0,0
2633,DreamHack Masters Las Vegas 2017 Europe Closed Qualifier,0,0,1,0
2609,STARRYGAME CIS,0,0,0,0
2538,ESEA Season 23 Global Challenge,0,0,1,0
2640,ESEA Premier Season 23 North America Finals,0,0,0,0
2634,ESEA Premier Season 23 Europe Finals,0,0,1,0
2642,ASUS ROG Community Challenge Grand Finals,0,0,0,0
2632,China-Korea e-Sports Competition,0,0,1,0
2629,Hellcase Cup 1,0,0,0,0
2631,The Masters 2017 -  Amateurs,0,0,0,0
2630,HLTV Xmas Cup 2016,0,0,1,0
2626,ESL Major Winter 2016 Spain,0,0,0,0
2611,LVP Season 11 Division de Honor Finals,0,0,0,0
2624,RoG Finals 11,0,0,0,0
2625,ZEN League Open Qualifier,0,0,0,0
2613,China Top 2016,0,0,1,0
2623,Dust2.dk Masters #1,0,0,0,0
2472,ELEAGUE Major Main Qualifier,0,0,1,1
2622,Liga PRO GamersClub - NOV/16,0,0,0,0
2617,99Damage League Season 4,0,0,1,0
2621,Game Smash Uruguay 2016,0,0,0,0
2618,ESL National Championship France Winter 2016,0,0,1,0
2614,ESL India Premiership 2016 Masters,0,0,0,0
2620,interLAN Vol. 6,0,0,0,0
2615,CyberGamer Intermediate Season 9 Finals,0,0,0,0
2619,DreamHack Masters Las Vegas 2017 Europe Open Qualifier,0,0,1,0
2612,AdriaMasters by PVPRO.com Finals,0,0,0,0
2593,UK Masters Season 2 Finals,0,0,0,0
2367,ECS Season 2 Finals,0,0,1,1
2599,WCA 2016 Finals,0,0,1,0
2616,BREKAN LatAm North League #1,0,0,0,0
2610,AlienTech CS:GO League Season II Finals,0,0,0,0
2608,eSportsArcadeTV Cup,0,0,1,0
2607,AdriaMasters by PVPRO.com Online Qualifier,0,0,0,0
2592,UK Masters Season 2,0,0,0,0
2555,Americas Minor - ELEAGUE Major 2017,0,0,1,1
2547,VitalBet Balkan Pro League Finals,0,0,0,0
2589,DreamHack Masters Las Vegas 2017 Asia Closed Qualifier,0,0,1,0
2605,XLG UOL Super Cup,0,0,0,0
2604,ESEA Open Season 23 Oceania,0,0,0,0
2602,SP Gaming Tournament #1,0,0,0,0
2596,Global Offensive Champions League Season 5,0,0,0,0
2603,DreamHack ZOWIE Open Winter 2016 BYOC,0,0,0,0
2511,ESL Meisterschaft Winter 2016 Finals,0,0,1,0
2590,DreamHack Masters Las Vegas 2017 South East Asia Qualifier,0,0,0,0
2477,ESL Benelux Winter Championship 2016 Finals,0,0,0,0
2601,ESL South East Europe Championship Season 4 Finals,0,0,0,0
2588,DreamHack Masters Las Vegas 2017 East Asia Qualifier,0,0,0,0
2591,DreamHack Masters Las Vegas 2017 China Qualifier,0,0,0,0
2561,DreamHack Nordic Championship 2016,0,0,1,0
2110,DreamHack ZOWIE Open Winter 2016,0,0,1,1
2598,ESU Razer CS:GO Ladies Tournament 2016,0,1,0,0
2600,QuickShot Arena #31,0,0,0,0
2559,IGL 2016 - Grand Final,0,0,1,0
2597,AnyKey Invitational 2016,0,0,0,0
2595,Crownstudent CS:GO Challenge,0,0,0,0
2594,Tuddinn Winter 2016 LAN Finals,0,0,0,0
2587,DreamHack Masters Las Vegas 2017 Oceania Qualifier,0,0,0,0
2576,Dust2.dk eOddset #4,0,0,0,0
2586,DreamHack Masters Las Vegas 2017 India & Middle East Qualifier,0,0,0,0
2585,xfunction Champions Series 2016,0,0,0,0
2578,ESEA Premier Season 23 North America,0,0,0,0
2584,ESEA Open Season 23 Brazil,0,0,0,0
2577,ESEA Premier Season 23 Europe,0,0,1,0
2581,ESEA Open Season 23 Asia,0,0,1,0
2580,ESEA Premier Season 23 Oceania,0,0,0,0
2583,ESEA Open Season 23 South Africa,0,0,0,0
2261,IEM Oakland 2016,0,0,1,1
2582,QuickShot Arena #30,0,0,0,0
2575,WCA 2016 Americas,0,0,0,0
2562,GTL Rosario 2016,0,0,0,0
2565,Telenor League Winter 2016,0,0,0,0
2454,iBUYPOWER Masters 2016,0,0,1,1
2563,Reboot Esports Championship,0,0,0,0
2535,StarLadder Regional Minor Championship CIS - ELEAGUE Major 2017,0,0,0,0
2560,DreamHack Nordic Championship 2016 - Qualifier,0,0,1,0
2286,Northern Arena 2016 - Montreal,0,0,1,0
2423,ROG MASTERS Asia 2016,0,0,0,0
2453,WESG 2016 Asia-Pacific Regional Finals,0,0,1,0
2558,QuickShot Arena #29,0,0,0,0
2551,Americas Minor - ELEAGUE Major 2017 - Closed Qualifier,0,0,1,0
2556,Americas Minor - ELEAGUE Major 2017 - Open Qualifier 2,0,0,0,0
2554,Liga PRO GamersClub - OCT/16,0,0,0,0
2447,Tengillinn LAN 2-2016,0,0,0,0
2552,Czech Championship 2016,0,0,0,0
2480,ESL Australia & NZ Championship Season 2 Finals,0,0,0,0
2548,ASUS ROG GameXpo 2016,0,0,0,0
2504,PGL Regional Minor Championship Europe - ELEAGUE Major 2017,0,0,1,1
2550,Americas Minor - ELEAGUE Major 2017 - Open Qualifier 1,0,0,0,0
2431,Predator Masters 3,0,0,1,0
2549,QuickShot Arena #28,0,0,0,0
2546,VitalBet Balkan Pro League,0,0,0,0
2545,ROG MASTERS 2016 Last Chance Qualifier,0,0,0,0
2544,StarLadder Regional Minor Championship CIS - ELEAGUE Major 2017 - Closed Qualifier,0,0,0,0
2540,ESL Brazil Premier League #2 Finals,0,0,0,0
2534,ESWC 2016 Female,0,1,0,0
2501,GameOn 2016,0,0,0,0
2543,King of Nordic Season 5,0,0,0,0
2542,StarLadder Regional Minor Championship CIS - ELEAGUE Major 2017 - Open Qualifier,0,0,0,0
2497,PGL Regional Minor Championship Asia - ELEAGUE Major 2017,0,0,1,0
2340,ESWC 2016,0,0,1,1
2537,QuickShot Arena #27,0,0,0,0
2306,ESL Pro League Season 4 Finals,0,0,1,1
2533,fpsGOD Super League #Winter,0,0,0,0
2536,CyberGamer Pro League Season 9,0,0,0,0
2539,Copa GO4Gold #1,0,0,0,0
2532,ZOTAC World Cup,0,0,1,0
2529,Dust2.dk eOddset #3,0,0,0,0
2531,Call of the North Northern Arena Montreal Qualifier,0,0,0,0
2407,ELEAGUE Season 2,0,0,1,1
2452,WESG 2016 North & South Americas Regional Finals,0,0,0,1
2528,WCA 2016 China Qualifier 3,0,0,0,0
2527,PGL Regional Minor Championship Europe - ELEAGUE Major 2017 - Qualifier 2,0,0,1,0
2526,PGL Regional Minor Championship Europe - ELEAGUE Major 2017 - Qualifier 1,0,0,1,0
2410,EPICENTER: Moscow,0,0,1,1
2519,Milan Games Week CSGO Final by Personal Gamer,0,0,0,0
2523,IGL Summer Lan Final,0,0,0,0
2524,DreamHack ZOWIE Open Winter 2016 Closed Qualifier,0,0,1,0
2525,WESG 2016 Korea,0,0,0,0
2522,DreamHack ZOWIE Open Winter 2016 Open Qualifier,0,0,0,0
2520,PLAYzone League II LAN Finals,0,0,0,0
2521,PGL eGG Minor India & Middle-East Qualifier,0,0,0,0
2489,League of Sharks CS:GO Championship,0,0,1,1
2466,WESG 2016 Australia,0,0,0,0
2518,Ownit CS:GO Challenge,0,0,1,0
2517,PGL eGG Minor Oceania Qualifier,0,0,0,0
2516,ROG MASTERS 2016 China Qualifier,0,0,0,0
2513,PGL eGG Minor China Qualifier,0,1,1,0
2515,WESG 2016 Japan,0,0,0,0
2514,Liga PRO GamersClub - SET/16,0,0,0,0
2508,WCA World Contest Championship,0,0,1,0
2512,WESG 2016 Brazil,0,0,0,0
2507,QuickShot Arena #26,0,0,0,0
2505,PGL eGG Minor SEA Qualifier,0,0,0,0
2509,WESG 2016 Thailand,0,0,0,0
2506,PGL eGG Minor East Asia Qualifier,0,0,0,0
2503,ESWC 2016 China Qualifier,0,0,1,0
2502,WESG 2016 Singapore,0,0,0,0
2499,iGame.com Nordic Invitational,0,0,1,0
2495,ECS Season 2 Europe,0,0,1,0
2500,GG Cup Finals Barcelona Games World,0,0,0,0
2498,ROG MASTERS 2016 Rest of Asia Qualifier,0,0,0,0
2496,ESWC 2016 Poland,0,0,0,0
2492,GameOn 2016 CS:GO Cup Qualifier,0,0,0,0
2491,NEO CUP 2016,0,0,0,0
2494,ECS Season 2 North America,0,0,1,0
2493,WESG 2016 Malaysia & Indonesia,0,0,0,0
2311,World Championship 2016,0,0,0,1
2390,WESG 2016 Europe & CIS Regional Finals,0,0,1,1
2482,IeSF World Championship 2016,0,0,1,0
2490,QuickShot Arena #25,0,0,0,0
2488,WESG 2016 South America,0,0,0,0
2487,Slovak Championship 2016,0,0,0,0
2347,ESWC 2016 Portugal,0,0,0,0
2354,BalkanTube Fest,0,0,0,0
2486,"WESG 2016 Taiwan, Hong Kong & Macau",0,0,0,0
2485,WESG 2016 Argentina,0,0,0,0
2484,GamesNet.cl League,0,0,0,0
2457,ESL Polish Championship 2016,0,0,0,0
2409,WESG 2016 China Finals,0,0,1,0
2483,WESG 2016 Peru,0,0,0,0
2239,ESL One New York 2016,0,0,1,1
2345,Adrenaline Cyber League Finals,0,0,1,0
2465,WESG 2016 New Zealand,0,0,0,0
2481,WESG 2016 Mexico,0,0,0,0
2475,EB Expo Sydney Finals,0,0,0,0
2464,WESG 2016 Central Europe,0,0,0,0
2478,Intel Gaming Challenge,0,0,0,0
2479,WESG 2016 Other Americas,0,0,0,0
2476,ESL Benelux Winter Championship 2016,0,0,0,0
2463,WESG 2016 Germany,0,0,0,0
2468,QuickShot Arena #24,0,0,0,0
2473,WESG 2016 Philippines,0,0,0,0
2474,WESG 2016 Canada,0,0,0,0
2462,WESG 2016 Northern Europe & Post CIS,0,0,0,0
2467,Kinguin for Charity with PayPal,0,0,1,0
2470,WESG 2016 India & South-East Asia,0,0,0,0
2469,WESG 2016 United States,0,0,1,0
2434,VSL Season 2,0,0,0,0
2421,Argentina Game Show 2016 Finals,0,0,0,0
2461,"WESG 2016 The UK, Ireland & Iceland ",0,0,0,0
2460,WESG 2016 Russia,0,0,0,0
2459,WESG 2016 Ukraine,0,0,0,0
2456,ROG MASTERS 2016 Southeast Asia Qualifier,0,0,0,0
2161,CSL 2016 Finals,0,0,1,0
2458,WESG 2016 Benelux,0,0,0,0
2435,Gfinity CS:GO Invitational 2016,0,0,1,0
2334,WESG 2016 Denmark,0,0,1,0
2455,WESG 2016 South Asia,0,0,0,0
2411,eXTREMESLAND Asia Finals 2016,0,0,1,0
2448,WESG 2016 Adriatica,0,0,0,0
2450,WCA WCC Russia Qualifier,0,0,0,0
2449,WESG 2016 Poland,0,0,1,0
2451,QuickShot Arena #23,0,0,0,0
2446,WESG 2016 Central Asia,0,0,0,0
2445,WESG 2016 France & Monaco,0,0,1,0
2440,WESG 2016 Norway,0,0,0,0
2444,Dust2.dk eOddset #2,0,0,0,0
2441,iBUYPOWER Invitational Fall 2016,0,0,1,0
2443,WESG 2016 Sweden,0,0,1,0
2442,ROG MASTERS 2016 East Asia Qualifier ,0,0,0,0
2439,King of the King,0,0,0,0
2438,WESG 2016 Iberia,0,0,0,0
2112,DreamHack ZOWIE Open Bucharest 2016,0,0,1,1
2432,Mr. Cat Masters Asian,0,0,1,0
2437,WESG 2016 South East Europe,0,0,0,0
2406,ELEAGUE Season 2 North America Closed Qualifier,0,0,1,0
2436,QuickShot Arena #22,0,0,0,0
2413,ESL One New York 2016 North America Qualifier,0,0,1,0
2405,ELEAGUE Season 2 North America Open Qualifier #3,0,0,0,0
2430,Gauntlet: Fight for the Crown,0,0,1,0
2404,ELEAGUE Season 2 North America Open Qualifier #2,0,0,0,0
2429,Fragadelphia 9,0,0,0,0
2389,Game Evolution,0,0,0,0
2427,EB Expo Sydney 2016 Qualifier #4,0,0,0,0
2426,EB Expo Sydney 2016 Qualifier #3,0,0,0,0
2403,ELEAGUE Season 2 North America Open Qualifier #1,0,0,1,0
2428,ROG MASTERS 2016 Oceania Qualifier,0,0,0,0
2425,EB Expo Sydney 2016 Qualifier #2,0,0,0,0
2424,EB Expo Sydney 2016 Qualifier #1,0,0,0,0
2420,ECS Season 2 NA Development League,0,0,1,0
2419,ECS Season 2 EU Development League,0,0,1,0
2418,Argentina Game Show 2016,0,0,0,0
2422,QuickShot Arena #21,0,0,0,0
2402,ELEAGUE Season 2 Europe Closed Qualifier,0,0,1,0
2325,SL i-League StarSeries Season 2 Finals,0,0,1,1
2397,EPICENTER: Moscow CIS Closed Qualifier,0,0,1,0
2401,ELEAGUE Season 2 Europe Open Qualifier #3,0,0,1,0
2400,ELEAGUE Season 2 Europe Open Qualifier #2,0,0,0,0
2412,ESL One New York 2016 Europe Qualifier,0,0,1,0
2351,Serbian First League S1 LAN Finals,0,0,0,0
2416,PGL National Division Season 2 Finals,0,0,0,0
2399,ELEAGUE Season 2 Europe Open Qualifier #1,0,0,1,0
2346,99Damage League Season 3,0,0,0,0
2417,WCA Season 2 China Finals,0,0,0,0
2379,ESWC 2016 Bulgaria,0,0,0,0
2391,Brasil Game Cup 2016,0,0,0,0
2408,Evetech Champions League 2016,0,0,0,0
2415,Esports Tunisian Cup 2016,0,0,0,0
2285,Northern Arena 2016 - Toronto,0,0,1,1
2414,CyberGamer Intermediate Season 8 Finals,0,0,0,0
2398,eXTREMESLAND China Finals,0,0,0,0
2395,EPICENTER: Moscow EU Closed Qualifier,0,0,1,0
2392,Insomnia 58,0,0,0,0
2394,EPICENTER: Moscow CIS Open Qualifier,0,0,0,0
2393,EPICENTER: Moscow EU Open Qualifier,0,0,1,0
2384,ECS Season 2 EU Development League Open Qualifier #4,0,0,1,0
2388,ESL Brazil Premier League #2,0,0,0,0
2387,Liga PRO GamersClub - AUG/16,0,0,0,0
2357,CyberPowerPC Summer 2016 Pro Series,0,0,1,0
2350,ESEA Season 22 Global Challenge,0,0,1,1
2324,Power-LAN 2016,0,0,1,1
2356,WESG 2016 Africa & Middle East Regional Finals,0,0,1,0
2386,ESL Australia & NZ Championship Season 2,0,0,0,0
2269,Global Offensive Champions League Season 4,0,0,1,0
2385,GROUND ZERO - Summer 2016,0,0,0,0
2383,ECS Season 2 EU Development League Open Qualifier #3,0,0,0,0
2382,DreamHack ZOWIE Open Bucharest 2016 Closed Qualifier,0,0,1,0
2381,TTU e-Sport Summer 2016,0,0,0,0
2343,ESL Meisterschaft Summer 2016 Finals,0,0,0,0
2320,CyberGamer Oceania eSports Masters Finals,0,0,0,0
2323,eSports Festival 2016,0,0,1,0
2380,Betway WCA 2016 EU Main Qualifier,0,0,1,0
2371,ESL Pro League Season 4 - North America Wild Card,0,0,1,0
2368,ESL Pro League Season 4 - North America,0,0,1,0
2369,ESL Pro League Season 4 - Europe,0,0,1,0
2370,ESL Pro League Season 4 - Europe Wild Card,0,0,1,0
2338,2016 D-Fire Lan Final,0,0,1,0
2375,WESG 2016 North & West Africa,0,0,0,0
2377,WESG 2016 Turkey,0,0,1,0
2376,WESG 2016 Middle East,0,0,0,0
2374,WESG 2016 South & East Africa,0,0,0,0
2373,ECS Season 2 EU Development League Open Qualifier #2,0,0,1,0
2372,ESL Australia  & NZ Championship Season 2 Open Qualifier,0,0,0,0
2366,ESEA Open Season 22 Oceania,0,0,0,0
2336,GTL Tecnofields 2016,0,0,0,0
2362,Liga PRO GamersClub - JUL/16,0,0,0,0
2364,SL i-League S2 Americas Qualifier,0,0,1,0
2361,ESEA Open Season 22 Brazil,0,0,0,0
2365,ESEA Open Season 22 South Africa,0,0,0,0
2349,World Championships 2016 European Qualifier,0,0,0,0
2358,ECS Season 2 EU Development League Open Qualifier #1,0,0,0,0
2360,ROG CS:GO Hong Kong Tournament,0,0,0,0
2359,ESEA Open Season 22 Asia,0,0,0,0
2314,ASUS ROG Summer 2016,0,0,1,0
2352,ESEA Premier Season 22 North America,0,0,1,0
2355,Peliliiga eSM 2016,0,0,1,0
2353,ESEA Premier Season 22 Europe,0,0,1,0
2348,Adrenaline Cyber League,0,0,1,0
2337,SL i-League S2 China Finals,0,0,1,0
2341,World Championships 2016 African Qualifier,0,0,0,0
2344,E-Sports Festival CS:GO Tournament Closed Qualifier,0,0,0,0
2339,ESL Brazil Premier League #1,0,0,0,0
2335,Betway Invitational,0,0,0,0
2330,ESWC 2016 South African Qualifier,0,0,0,0
2332,StarPrime CyborWars 2016,0,0,0,0
2331,World Championships 2016 North American Qualifier,0,0,0,0
2333,UnderDogs #4,0,0,0,0
2329,SL i-League S2 Europe Qualifier,0,0,1,0
2326,Stream.me Gauntlet EU #1,0,0,0,0
2327,GSL Baltics Samsung Open by Gameshow,0,0,0,0
2310,ESL Australia & NZ Championship Season 1 Finals,0,0,0,0
2322,King of Adria,0,0,0,0
2319,Pro Gamer League 2016 Summer Finals,0,0,1,0
2318,SL i-League S2 China Qualifier,0,0,0,0
1635,RGN Pro Series II NA Closed Qualifier,0,0,0,0
2321,WCA 2016 EU Closed Qualifier,0,0,1,0
2313,iBUYPOWER Invitational Summer 2016,0,0,1,0
2316,StarLadder Female Stars Championship,0,1,0,1
2317,GamePub 2016,0,0,0,0
2292,DreamHack Valencia 2016,0,0,0,1
2315,GG Masters,0,0,1,0
2312,Liga PRO GamersClub - JUN/16,0,0,0,0
2308,Game Show Open Season 4 Playoffs,0,0,0,0
2309,IGL Lan Final,0,0,1,0
2307,G-League Lan Final,0,0,1,0
2305,World Championships 2016 South American Qualifier,0,0,0,0
2062,ESL One Cologne 2016,0,0,1,1
2304,Infinity Coliseum LAN 33,0,0,0,0
2302,ESL UK Premiership Spring 2016 Finals,0,0,0,0
2301,CyberGamer Oceania eSports Masters,0,0,0,0
2303,VSL Season 1,0,0,0,0
2299,AlienTech CS:GO TiTans II Finals,0,0,0,0
2300,ESL National Championship France Summer 2016,0,0,0,0
2298,King of Nordic's Challenger Cup at DigitalityX,0,0,0,0
2288,NEA 2016 Finals ,0,0,1,0
2297,World Championships 2016 Oceanic Qualifier,0,0,0,0
2213,Sawik Showmatch,0,0,1,0
1690,xfunction Masters 2016,0,0,0,0
2296,Hitbox Challenger Cup #2,0,0,1,0
2295,CyberPowerPC Summer 2016 Qualifier #2,0,0,0,0
2294,MPGL Season 8 Finals,0,0,0,0
2293,RoG Finals 10,0,0,0,0
2181,Dust2.dk eOddset Kinguin #1,0,0,0,0
2248,ECS Season 1 Finals,0,0,1,1
2291,World Championships 2016 Asian Qualifier,0,0,0,0
2290,H-Cup Season 2,0,0,1,0
2289,ESPORTSM 2016 Finals,0,0,1,0
2109,DreamHack ZOWIE Open Summer 2016,0,0,1,1
2287,Rumble Town Aim Night,0,0,0,0
2284,WCA Season 2 China Qualifier,0,0,0,0
2283,Game On CS:GO June Invitational,0,0,0,0
2282,X-Kom Clash,0,0,0,0
2258,ESL One Cologne 2016 Main Qualifier,0,0,1,1
2280,MixBOT Pro-League Golden,0,0,1,0
2281,owayo Masters I,0,0,1,0
2279,Tuddinn LAN 2 | 2016,0,0,0,0
2278,Adrenaline Open Cyber Cup,0,0,1,0
2277,DreamHack ZOWIE Open Summer 2016 Closed Qualifier #2,0,0,1,0
2276,Liga PRO GamersClub - MAY/16,0,0,0,0
2275,DreamHack ZOWIE Open Summer 2016 Open Qualifier #2,0,0,0,0
2274,MSI Baltic Pro League Season 1,0,0,0,0
2273,CyberPowerPC Summer 2016 Qualifier #1,0,0,1,0
2271,DreamHack ZOWIE Open Summer 2016 Closed Qualifier #1 ,0,0,1,0
2272,ESL South East Europe Championship Season 3 Finals,0,0,0,0
2268,AlienTech CS:GO Invitational II,0,0,0,0
2266,GeForce CUP at ESPORT NOW 2016,0,0,1,0
2270,DreamHack ZOWIE Open Summer 2016 Open Qualifier #1 ,0,0,0,0
2265,XLG CS:GO Season 1,0,0,0,0
2264,ESL Pro League Season 3 Relegation,0,0,1,0
2262,BlasterX INETKOX League Season 1,0,0,1,0
2263,H-Cup Season 1,0,0,1,0
2135,ELEAGUE Season 1,0,0,1,1
2253,UnderDogs #3,0,0,0,0
2257,Fragadelphia 8,0,0,0,0
2260,Tuddinn Spring 2016 LAN Finals,0,0,0,0
2259,PLAYzone League I LAN Finals,0,0,0,0
2223,MLG Regional Minor Championship Americas,0,0,1,0
2187,SL i-League Invitational #1,0,0,1,1
2256,WCA Season 1 China Finals,0,0,1,0
2240,WCA Season 1 APAC Finals,0,0,0,0
2252,Razer Rising Stars South American League Season 1,0,0,0,0
2255,RGN Pro Series II EU Closed Qualifier,0,0,0,0
2254,Razer Rising Stars European League Season 1,0,0,1,0
2214,ESEA Premier Season 21 North America Finals,0,0,1,0
2250,CS:GO Danmark League #1,0,0,0,0
2251,HyperX Cup Finals,0,0,0,0
2212,DreamHack Regional Minor Championship Europe at DH Tours 2016,0,0,1,1
2249,PC Garage Clutch Masters by Steelseries,0,0,0,0
2130,ESL Pro League Season 3 Finals,0,0,1,1
2247,MLG Regional Minor North America Qualifier,0,0,0,0
2245,Telenor League Spring 2016,0,0,0,0
2246,BirdieLAN 26,0,0,0,0
2243,ESL Meisterschaft Spring 2016 Finals,0,0,0,0
2244,Game Ninja 2016,0,0,0,0
2215,ESEA Premier Season 21 Europe Finals,0,0,1,0
1954,DreamHack Austin 2016,0,0,1,0
2241,King of Nordic Season 4,0,0,0,0
2242,Liga PRO GamersClub - APR/16,0,0,0,0
2211,PGL KeSPA Regional Minor Championship Asia,0,0,1,0
2238,xfunction Challenge,0,0,0,0
2236,TIGER MASTERS Mid-season Finals,0,0,0,0
2235,DreamHack Regional Minor Championship Europe Closed Qualifier #2,0,0,1,0
2234,DreamHack Regional Minor Championship Europe Open Qualifier #2,0,0,0,0
2150,CEVO Gfinity Professional Season 9 Finals,0,0,1,1
2224,StarLadder Minor CIS - Cologne 2016,0,0,0,0
2233,BenQ All-Star Showmatch #8,0,0,1,0
2232,Operation: Kinguin #3,0,1,1,0
2231,Rising Stars Africa Promotional Cup,0,0,0,0
2230,MLG Regional Minor South America Qualifier,0,0,0,0
2229,DreamHack Regional Minor Championship Europe Closed Qualifier #1,0,0,1,0
2226,Rising Stars South America Promotional Cup,0,0,0,0
2228,DreamHack Regional Minor Championship Europe Open Qualifier #1,0,0,0,0
2225,HTC 1v1 Invitational by PGL,0,0,0,0
2227,Pro Gamers League 2016 Spring,0,0,1,0
2222,PGL KeSPA Minor Oceania Qualifier,0,0,0,0
2221,StarLadder Regional Minor Championship CIS #2 Closed Qualifier,0,0,0,0
2219,Rising Stars SEA Promotional Cup,0,0,0,0
2218,PGL National Division Season 1 Finals,0,0,0,0
2217,WCA 2016 APAC Qualifier,0,0,0,0
2216,PGL KeSPA Minor SEA Qualifier,0,0,0,0
2099,DreamHack Masters Malm\xf6 2016,0,0,1,1
2209,ESEA Premier Season 21 North America,0,0,0,0
2210,ESEA Premier Season 21 Europe,0,0,1,0
2208,ECS Season 1,0,0,1,0
2206,Liga PRO GamersClub - MAR/16,0,0,0,0
2207,CS Reunion @\xa0Inferno Online,0,0,0,0
2203,BOT World Championship 2016,0,0,0,0
2204,PGL KeSPA Minor China Qualifier,0,0,0,0
2179,AlienTech CS:GO League Season I Finals,0,0,0,0
2202,ECS Season 1 Qualifier,0,0,1,0
2201,MLG Columbus 2016 All-Star Match,0,0,0,0
2200,SL i-League Invitational China Qualifier,0,0,0,0
2027,MLG Columbus 2016,0,0,1,1
2199,Yoggi Yalla Cup,0,0,0,0
2198,Insomnia 57,0,0,0,0
2197,DreamHack Austin 2016 Closed Qualifier,0,0,1,0
2196,ICL 30,0,0,0,0
2195,Gamers Assembly 2016,0,0,0,0
2194,Razer Rising Stars SEA League Qualifiers,0,0,0,0
2193,Copenhagen Games 2016 female,0,1,0,0
2059,Copenhagen Games 2016,0,0,1,1
2192,RGN 2016 Pro Series Open Qualifier,0,0,0,0
2191,Copenhagen Games 2016 BYOC Qualifier,0,0,0,1
2189,Razer Rising Stars NA League Qualifiers,0,0,0,0
2188,Balkan Championship Season 3,0,0,0,0
2185,Hitbox Challenger Cup,0,0,1,0
2186,SL I-League Invitational #1 EU Qualifiers,0,0,1,0
2166,Telkom DGL Masters 2016 Cape Town,0,0,0,0
2174,DreamHack Masters Malm\xf6 2016 Europe Closed Qualifier #2,0,0,1,0
2183,Gigabyte Top League #3 Finals,0,0,0,0
2168,iBUYPOWER Invitational Spring 2016,0,0,1,0
2184,DreamHack Masters Malm\xf6 2016 Europe Open Qualifier #2,0,0,1,0
2182,Komplett Barcraft eXperience,0,0,0,0
2180,AlienTech CS:GO Invitational I,0,0,0,0
2034,Counter Pit League Season 2 Finals,0,0,1,1
2178,Personal Gamer,0,0,0,0
2177,WCA Season 1 Qualifier,0,0,0,0
2176,Uprise Champions Cup Season 4,0,0,1,0
2173,DreamHack Masters Malm\xf6 2016 Europe Closed Qualifier #1,0,0,1,0
2172,DreamHack Masters Malm\xf6 2016 Asia Closed Qualifier,0,0,1,0
2170,Razer Rising Stars South American League Qualifiers,0,0,0,0
2169,EsportFest 2016,0,0,0,0
2175,DreamHack Masters Malm\xf6 2016 Europe Open Qualifier #1,0,0,1,0
2171,DreamHack Masters Malm\xf6 2016 Asia Open Qualifier,0,0,0,0
2165,Global Offensive Champions League Season 3,0,0,1,0
2164,Razer Rising Stars European League Qualifiers,0,0,0,0
2163,Binary Dragons Cup 2,0,0,0,0
2162,Intel Challenge Katowice 2016,0,1,0,0
2036,IEM Katowice 2016,0,0,1,1
2148,Pantamera CS:GO Challenge 2016,0,0,1,0
2071,MLG Columbus 2016 Main Qualifier,0,0,1,1
2151,Betway Aftonbladet Fight Night #3,0,0,1,0
2159,Stream.me Gauntlet ,0,0,1,0
2158,Game Show Spring Invitational 2016,0,0,0,0
2157,Balkan Challenge #1,0,0,0,0
2155,DreamHack Masters Malm\xf6 2016 NA Closed Qualifier,0,0,1,0
2156,Cracow Game Spot 2016,0,0,0,0
2154,epic.SEVENTEEN,0,0,0,0
2153,Born To Win Invitational League #1,0,0,0,0
2100,ESL Barcelona CS:GO Invitational presented by Mobile World Congress,0,0,1,1
2149,Nordic Masters Season 2 Finals,0,1,0,0
2152,CEVO Gfinity Professional Season 9,0,0,1,0
2147,AlienTech CS:GO League Season I,0,0,0,0
2145,UnderDogs #2,0,0,0,0
2146,Game On: CSGOCIRCLE.COM Invitational,0,0,0,0
2144,D!ngIT Fareast Asia Invitational Season 2,0,0,0,0
2143,IEM Katowice 2016 NA Qualifier,0,0,1,0
2142,GWZA Season 1 Finals,0,0,0,0
1958,Acer Predator Masters powered by Intel Season 2 Finals,0,0,1,1
2141,CEVO Gfinity Professional Season 9 Placement NA,0,0,0,0
2140,CEVO Gfinity Professional Season 9 Placement EU,0,0,0,0
2124,ESL Pro League Season 3,0,0,1,0
2139,P\u0142o\u0144sk eSports Challenge,0,0,0,0
2138,Binary Dragons Hellstore Winter Cup,0,0,0,0
2137,King of Nordic Season 3,0,0,0,0
2136,Rising Stars Female,0,1,0,0
2102,Assembly Winter 2016,0,0,1,0
2134,Mineski Shootout Season II,0,0,0,0
2013,Game Show Global eSports Cup 2016 Finals,0,0,1,1
2133,GO:NA,0,0,0,0
2070,MLG Columbus 2016 Last Chance EU/CIS pre-qualifier,0,0,1,0
2127,Rising Stars Europe #1,0,0,0,0
2064,PGL Regional Minor Championship Europe,0,0,1,1
2063,IEM Taipei 2016,0,0,1,0
2129,Uprise Champions Cup Season 4 Qualifier,0,0,1,0
2126,Rising Stars CIS #1,0,0,0,0
2128,IEM Katowice 2016 EU Qualifier #2,0,0,1,0
2125,D!ngIT $2000 Weekly Cup #35,0,0,0,0
2069,MLG Columbus 2016 Last Chance NA pre-qualifier,0,0,1,0
1977,DreamHack ZOWIE Open Leipzig 2016,0,0,1,1
2077,StarLadder Regional Minor Championship CIS,0,0,1,0
2121,D!ngIT $2000 Weekly Cup #34,0,0,0,0
2123,ESL Barcelona European Qualifier,0,0,1,0
2122,Rising Stars South-East Asia #1,0,0,0,0
2119,Operation: Kinguin #2,0,0,1,0
2118,IEM Katowice 2016 EU Qualifier #1,0,0,1,0
2117,Game On King of the Hill,0,0,0,0
2116,IEM Taipei 2016 East Asia Qualifier,0,0,0,0
2115,Rising Stars North Africa #1,0,0,0,0
2114,IEM Taipei 2016 Oceania Qualifier,0,0,0,0
2068,MLG Americas Minor Championship,0,0,1,0
2113,99Damage Masters #4,0,0,1,0
2111,Operation: Kinguin #2 Closed Qualifier,0,0,0,0
1978,SL i-League StarSeries XIV Finals,0,0,1,1
2107,Rising Stars South America #1,0,0,0,0
2108,IEM Taipei 2016 Chinese Qualifier,0,0,0,0
2106,RGN Winter Classic II,0,0,1,0
2105,RGN European Open II,0,0,0,0
2101,D!ngIT $2000 Weekly Cup #33,0,0,0,0
2103,Tuddinn LAN 1 | 2016,0,0,0,0
2104,DreamHack Open Leipzig 2016 Closed Qualifier,0,0,1,0
2056,Fulcrum Gamers League Finals,0,0,0,0
2080,ELEAGUE Road to Vegas,0,0,1,0
2098,99Damage Arena #19,0,0,0,0
2097,PGL Regional Minor Championship Europe Qualifiers,0,0,1,0
2778,GeForce Cup 2017 Closed Qualifier,1,0,0,0
2820,Europe Minor Qualifier 3 - PGL Major Krakow 2017,0,0,0,0
2851,Stream.me Gauntlet: CIS vs EU #5,1,0,0,0
2568,DreamHack Open Tours 2017,0,0,1,1
2679,Esports Arena Showdown Championship ,0,0,1,0
2815,CS:GO Super League 2017 - Spring Season,0,0,0,0
2728,ECS Season 3 Europe,0,0,1,0
2780,LootBet Cup #1,0,0,0,0
2766,WCA 2017 China Qualifier,0,0,0,0
2852,99Damage League Season 5,0,0,0,0
2848,CIS Minor Qualifier - PGL Major Krakow 2017,0,0,0,0
2856,AOC CyberGamer Premier League Winter 2017,1,0,0,0
2828,Americas Minor North America Closed Qualifier - PGL Major Krakow 2017,0,0,1,0
2844,Subaru Invitational 2017,0,0,1,0
2857,Yoggi Yalla Cup 2017 - Inferno Online Qualifier,0,0,0,0
2801,HTC 2v2 Invitational by PGL,0,0,0,1
2749,ESEA Season 24 Global Challenge - MDL Global Finals,0,0,1,0
2854,Dolphin CS Shoot 'Em Up 3,1,0,1,0
2850,Asia Minor China Qualifier - PGL Major Krakow 2017,0,0,0,0
2699,BeyondGodlike CS:GO SEA Pro League,0,0,0,0
