/events/2570/dreamhack-open-valencia-2017,/matches/2312358/nip-vs-red-reserve-dreamhack-open-valencia-2017,/download/demo/30320,2017-07-15T18:25:00,NiP,/team/4411/nip,Red Reserve,/team/7613/red-reserve
/events/2570/dreamhack-open-valencia-2017,/matches/2312357/heroic-vs-red-reserve-dreamhack-open-valencia-2017,/download/demo/30314,2017-07-15T13:40:00,Heroic,/team/7175/heroic,Red Reserve,/team/7613/red-reserve
/events/2570/dreamhack-open-valencia-2017,/matches/2312356/nip-vs-envyus-dreamhack-open-valencia-2017,/download/demo/30305,2017-07-15T10:00:00,NiP,/team/4411/nip,EnVyUs,/team/5991/envyus
/events/2570/dreamhack-open-valencia-2017,/matches/2312355/clg-vs-red-reserve-dreamhack-open-valencia-2017,/download/demo/30302,2017-07-14T19:05:00,CLG,/team/5974/clg,Red Reserve,/team/7613/red-reserve
/events/2570/dreamhack-open-valencia-2017,/matches/2312354/kpi-vs-envyus-dreamhack-open-valencia-2017,/download/demo/30289,2017-07-14T16:45:00,KPI,/team/7339/kpi,EnVyUs,/team/5991/envyus
/events/2570/dreamhack-open-valencia-2017,/matches/2312353/nrg-vs-red-reserve-dreamhack-open-valencia-2017,/download/demo/30288,2017-07-14T13:00:00,NRG,/team/6673/nrg,Red Reserve,/team/7613/red-reserve
/events/2570/dreamhack-open-valencia-2017,/matches/2312352/envyus-vs-misfits-dreamhack-open-valencia-2017,/download/demo/30287,2017-07-14T09:00:00,EnVyUs,/team/5991/envyus,Misfits,/team/7557/misfits
/events/2570/dreamhack-open-valencia-2017,/matches/2312351/clg-vs-nip-dreamhack-open-valencia-2017,/download/demo/30266,2017-07-13T18:15:00,CLG,/team/5974/clg,NiP,/team/4411/nip
/events/2570/dreamhack-open-valencia-2017,/matches/2312350/kpi-vs-heroic-dreamhack-open-valencia-2017,/download/demo/30263,2017-07-13T16:55:00,KPI,/team/7339/kpi,Heroic,/team/7175/heroic
/events/2570/dreamhack-open-valencia-2017,/matches/2312349/nip-vs-red-reserve-dreamhack-open-valencia-2017,/download/demo/30262,2017-07-13T15:30:00,NiP,/team/4411/nip,Red Reserve,/team/7613/red-reserve
/events/2570/dreamhack-open-valencia-2017,/matches/2312348/misfits-vs-heroic-dreamhack-open-valencia-2017,/download/demo/30261,2017-07-13T14:05:00,Misfits,/team/7557/misfits,Heroic,/team/7175/heroic
/events/2570/dreamhack-open-valencia-2017,/matches/2312347/clg-vs-nrg-dreamhack-open-valencia-2017,/download/demo/30259,2017-07-13T12:25:00,CLG,/team/5974/clg,NRG,/team/6673/nrg
/events/2570/dreamhack-open-valencia-2017,/matches/2312346/envyus-vs-kpi-dreamhack-open-valencia-2017,/download/demo/30256,2017-07-13T11:00:00,EnVyUs,/team/5991/envyus,KPI,/team/7339/kpi
/events/2635/esl-one-cologne-2017,/matches/2312165/cloud9-vs-sk-esl-one-cologne-2017,/download/demo/30128,2017-07-09T14:00:00,Cloud9,/team/5752/cloud9,SK,/team/6137/sk
/events/2635/esl-one-cologne-2017,/matches/2312164/faze-vs-sk-esl-one-cologne-2017,/download/demo/30124,2017-07-08T17:15:00,FaZe,/team/6667/faze,SK,/team/6137/sk
/events/2635/esl-one-cologne-2017,/matches/2312163/natus-vincere-vs-cloud9-esl-one-cologne-2017,/download/demo/30123,2017-07-08T14:00:00,Natus Vincere,/team/4608/natus-vincere,Cloud9,/team/5752/cloud9
/events/2635/esl-one-cologne-2017,/matches/2312162/optic-vs-sk-esl-one-cologne-2017,/download/demo/30100,2017-07-07T17:55:00,OpTic,/team/6615/optic,SK,/team/6137/sk
/events/2635/esl-one-cologne-2017,/matches/2312161/faze-vs-liquid-esl-one-cologne-2017,/download/demo/30097,2017-07-07T15:15:00,FaZe,/team/6667/faze,Liquid,/team/5973/liquid
/events/2635/esl-one-cologne-2017,/matches/2312160/nip-vs-cloud9-esl-one-cologne-2017,/download/demo/30082,2017-07-07T11:05:00,NiP,/team/4411/nip,Cloud9,/team/5752/cloud9
/events/2635/esl-one-cologne-2017,/matches/2312159/natus-vincere-vs-g2-esl-one-cologne-2017,/download/demo/30074,2017-07-07T08:00:00,Natus Vincere,/team/4608/natus-vincere,G2,/team/5995/g2
/events/2635/esl-one-cologne-2017,/matches/2312090/north-vs-faze-esl-one-cologne-2017,/download/demo/30054,2017-07-06T20:30:00,North,/team/7533/north,FaZe,/team/6667/faze
/events/2635/esl-one-cologne-2017,/matches/2312091/cloud9-vs-mousesports-esl-one-cologne-2017,/download/demo/30051,2017-07-06T18:25:00,Cloud9,/team/5752/cloud9,mousesports,/team/4494/mousesports
/events/2635/esl-one-cologne-2017,/matches/2312089/fnatic-vs-sk-esl-one-cologne-2017,/download/demo/30041,2017-07-06T17:15:00,fnatic,/team/4991/fnatic,SK,/team/6137/sk
/events/2635/esl-one-cologne-2017,/matches/2312088/faze-vs-optic-esl-one-cologne-2017,/download/demo/30040,2017-07-06T15:55:00,FaZe,/team/6667/faze,OpTic,/team/6615/optic
/events/2635/esl-one-cologne-2017,/matches/2312087/sk-vs-g2-esl-one-cologne-2017,/download/demo/30039,2017-07-06T14:40:00,SK,/team/6137/sk,G2,/team/5995/g2
/events/2635/esl-one-cologne-2017,/matches/2312086/natus-vincere-vs-mousesports-esl-one-cologne-2017,/download/demo/30038,2017-07-06T13:40:00,Natus Vincere,/team/4608/natus-vincere,mousesports,/team/4494/mousesports
/events/2635/esl-one-cologne-2017,/matches/2312085/cloud9-vs-immortals-esl-one-cologne-2017,/download/demo/30036,2017-07-06T12:25:00,Cloud9,/team/5752/cloud9,Immortals,/team/7010/immortals
/events/2635/esl-one-cologne-2017,/matches/2312084/north-vs-heroic-esl-one-cologne-2017,/download/demo/30022,2017-07-06T10:55:00,North,/team/7533/north,Heroic,/team/7175/heroic
/events/2635/esl-one-cologne-2017,/matches/2312083/space-soldiers-vs-fnatic-esl-one-cologne-2017,/download/demo/30015,2017-07-06T10:00:00,Space Soldiers,/team/5929/space-soldiers,fnatic,/team/4991/fnatic
/events/2635/esl-one-cologne-2017,/matches/2312082/liquid-vs-optic-esl-one-cologne-2017,/download/demo/29994,2017-07-05T18:25:00,Liquid,/team/5973/liquid,OpTic,/team/6615/optic
/events/2635/esl-one-cologne-2017,/matches/2312081/nip-vs-mousesports-esl-one-cologne-2017,/download/demo/29990,2017-07-05T17:20:00,NiP,/team/4411/nip,mousesports,/team/4494/mousesports
/events/2635/esl-one-cologne-2017,/matches/2312080/fnatic-vs-faze-esl-one-cologne-2017,/download/demo/29989,2017-07-05T16:00:00,fnatic,/team/4991/fnatic,FaZe,/team/6667/faze
/events/2635/esl-one-cologne-2017,/matches/2312079/immortals-vs-g2-esl-one-cologne-2017,/download/demo/29986,2017-07-05T14:55:00,Immortals,/team/7010/immortals,G2,/team/5995/g2
/events/2635/esl-one-cologne-2017,/matches/2312078/north-vs-sk-esl-one-cologne-2017,/download/demo/29985,2017-07-05T13:45:00,North,/team/7533/north,SK,/team/6137/sk
/events/2635/esl-one-cologne-2017,/matches/2312077/space-soldiers-vs-natus-vincere-esl-one-cologne-2017,/download/demo/29984,2017-07-05T12:30:00,Space Soldiers,/team/5929/space-soldiers,Natus Vincere,/team/4608/natus-vincere
/events/2635/esl-one-cologne-2017,/matches/2312076/tyloo-vs-cloud9-esl-one-cologne-2017,/download/demo/29983,2017-07-05T11:20:00,TyLoo,/team/4863/tyloo,Cloud9,/team/5752/cloud9
/events/2635/esl-one-cologne-2017,/matches/2312075/heroic-vs-virtuspro-esl-one-cologne-2017,/download/demo/29982,2017-07-05T10:00:00,Heroic,/team/7175/heroic,Virtus.pro,/team/5378/virtuspro
/events/2635/esl-one-cologne-2017,/matches/2312073/g2-vs-nip-esl-one-cologne-2017,/download/demo/29966,2017-07-04T22:05:00,G2,/team/5995/g2,NiP,/team/4411/nip
/events/2635/esl-one-cologne-2017,/matches/2312074/immortals-vs-liquid-esl-one-cologne-2017,/download/demo/29965,2017-07-04T20:50:00,Immortals,/team/7010/immortals,Liquid,/team/5973/liquid
/events/2635/esl-one-cologne-2017,/matches/2312071/mousesports-vs-faze-esl-one-cologne-2017,/download/demo/29964,2017-07-04T20:55:00,mousesports,/team/4494/mousesports,FaZe,/team/6667/faze
/events/2635/esl-one-cologne-2017,/matches/2312069/cloud9-vs-natus-vincere-esl-one-cologne-2017,/download/demo/29968,2017-07-04T17:45:00,Cloud9,/team/5752/cloud9,Natus Vincere,/team/4608/natus-vincere
/events/2635/esl-one-cologne-2017,/matches/2312072/space-soldiers-vs-optic-esl-one-cologne-2017,/download/demo/29963,2017-07-04T19:00:00,Space Soldiers,/team/5929/space-soldiers,OpTic,/team/6615/optic
/events/2635/esl-one-cologne-2017,/matches/2312070/tyloo-vs-north-esl-one-cologne-2017,/download/demo/29962,2017-07-04T17:45:00,TyLoo,/team/4863/tyloo,North,/team/7533/north
/events/2635/esl-one-cologne-2017,/matches/2312067/sk-vs-virtuspro-esl-one-cologne-2017,/download/demo/29961,2017-07-04T16:35:00,SK,/team/6137/sk,Virtus.pro,/team/5378/virtuspro
/events/2635/esl-one-cologne-2017,/matches/2312068/fnatic-vs-heroic-esl-one-cologne-2017,/download/demo/29958,2017-07-04T16:35:00,fnatic,/team/4991/fnatic,Heroic,/team/7175/heroic
/events/2635/esl-one-cologne-2017,/matches/2312061/natus-vincere-vs-liquid-esl-one-cologne-2017,/download/demo/29973,2017-07-04T14:45:00,Natus Vincere,/team/4608/natus-vincere,Liquid,/team/5973/liquid
/events/2635/esl-one-cologne-2017,/matches/2312066/north-vs-optic-esl-one-cologne-2017,/download/demo/29956,2017-07-04T14:15:00,North,/team/7533/north,OpTic,/team/6615/optic
/events/2635/esl-one-cologne-2017,/matches/2312060/nip-vs-cloud9-esl-one-cologne-2017,/download/demo/29967,2017-07-04T12:45:00,NiP,/team/4411/nip,Cloud9,/team/5752/cloud9
/events/2635/esl-one-cologne-2017,/matches/2312065/tyloo-vs-g2-esl-one-cologne-2017,/download/demo/29954,2017-07-04T12:45:00,TyLoo,/team/4863/tyloo,G2,/team/5995/g2
/events/2635/esl-one-cologne-2017,/matches/2312058/immortals-vs-virtuspro-esl-one-cologne-2017,/download/demo/29960,2017-07-04T11:25:00,Immortals,/team/7010/immortals,Virtus.pro,/team/5378/virtuspro
/events/2635/esl-one-cologne-2017,/matches/2312064/sk-vs-space-soldiers-esl-one-cologne-2017,/download/demo/29952,2017-07-04T11:25:00,SK,/team/6137/sk,Space Soldiers,/team/5929/space-soldiers
/events/2635/esl-one-cologne-2017,/matches/2312063/faze-vs-heroic-esl-one-cologne-2017,/download/demo/29951,2017-07-04T10:00:00,FaZe,/team/6667/faze,Heroic,/team/7175/heroic
/events/2635/esl-one-cologne-2017,/matches/2312056/mousesports-vs-fnatic-esl-one-cologne-2017,/download/demo/29974,2017-07-04T10:00:00,mousesports,/team/4494/mousesports,fnatic,/team/4991/fnatic
/events/2721/pgl-major-krakow-2017-main-qualifier,/matches/2311902/liquid-vs-flipsid3-pgl-major-krakow-2017-main-qualifier,/download/demo/29903,2017-07-02T19:10:00,Liquid,/team/5973/liquid,FlipSid3,/team/5988/flipsid3
/events/2721/pgl-major-krakow-2017-main-qualifier,/matches/2311901/dignitas-vs-vega-squadron-pgl-major-krakow-2017-main-qualifier,/download/demo/29897,2017-07-02T17:50:00,dignitas,/team/5422/dignitas,Vega Squadron,/team/6094/vega-squadron
/events/2721/pgl-major-krakow-2017-main-qualifier,/matches/2311900/hellraisers-vs-immortals-pgl-major-krakow-2017-main-qualifier,/download/demo/29893,2017-07-02T16:15:00,HellRaisers,/team/5310/hellraisers,Immortals,/team/7010/immortals
/events/2721/pgl-major-krakow-2017-main-qualifier,/matches/2311899/big-vs-liquid-pgl-major-krakow-2017-main-qualifier,/download/demo/29892,2017-07-02T14:35:00,BIG,/team/7532/big,Liquid,/team/5973/liquid
/events/2721/pgl-major-krakow-2017-main-qualifier,/matches/2311898/cloud9-vs-flipsid3-pgl-major-krakow-2017-main-qualifier,/download/demo/29885,2017-07-02T13:20:00,Cloud9,/team/5752/cloud9,FlipSid3,/team/5988/flipsid3
/events/2721/pgl-major-krakow-2017-main-qualifier,/matches/2311897/godsent-vs-immortals-pgl-major-krakow-2017-main-qualifier,/download/demo/29878,2017-07-02T11:40:00,GODSENT,/team/6902/godsent,Immortals,/team/7010/immortals
/events/2721/pgl-major-krakow-2017-main-qualifier,/matches/2311896/dignitas-vs-renegades-pgl-major-krakow-2017-main-qualifier,/download/demo/29877,2017-07-02T10:10:00,dignitas,/team/5422/dignitas,Renegades,/team/6211/renegades
/events/2721/pgl-major-krakow-2017-main-qualifier,/matches/2311895/tyloo-vs-hellraisers-pgl-major-krakow-2017-main-qualifier,/download/demo/29876,2017-07-02T08:25:00,TyLoo,/team/4863/tyloo,HellRaisers,/team/5310/hellraisers
/events/2721/pgl-major-krakow-2017-main-qualifier,/matches/2311894/penta-vs-vega-squadron-pgl-major-krakow-2017-main-qualifier,/download/demo/29875,2017-07-02T07:00:00,PENTA,/team/5395/penta,Vega Squadron,/team/6094/vega-squadron
/events/2721/pgl-major-krakow-2017-main-qualifier,/matches/2311893/g2-vs-flipsid3-pgl-major-krakow-2017-main-qualifier,/download/demo/29847,2017-07-01T17:25:00,G2,/team/5995/g2,FlipSid3,/team/5988/flipsid3
/events/2721/pgl-major-krakow-2017-main-qualifier,/matches/2311892/liquid-vs-hellraisers-pgl-major-krakow-2017-main-qualifier,/download/demo/29846,2017-07-01T16:15:00,Liquid,/team/5973/liquid,HellRaisers,/team/5310/hellraisers
/events/2721/pgl-major-krakow-2017-main-qualifier,/matches/2311891/penta-vs-mousesports-pgl-major-krakow-2017-main-qualifier,/download/demo/29832,2017-07-01T14:40:00,PENTA,/team/5395/penta,mousesports,/team/4494/mousesports
/events/2721/pgl-major-krakow-2017-main-qualifier,/matches/2311890/cloud9-vs-godsent-pgl-major-krakow-2017-main-qualifier,/download/demo/29831,2017-07-01T13:10:00,Cloud9,/team/5752/cloud9,GODSENT,/team/6902/godsent
/events/2721/pgl-major-krakow-2017-main-qualifier,/matches/2311889/big-vs-immortals-pgl-major-krakow-2017-main-qualifier,/download/demo/29828,2017-07-01T11:30:00,BIG,/team/7532/big,Immortals,/team/7010/immortals
/events/2721/pgl-major-krakow-2017-main-qualifier,/matches/2311888/tyloo-vs-vega-squadron-pgl-major-krakow-2017-main-qualifier,/download/demo/29827,2017-07-01T10:00:00,TyLoo,/team/4863/tyloo,Vega Squadron,/team/6094/vega-squadron
/events/2721/pgl-major-krakow-2017-main-qualifier,/matches/2311887/optic-vs-renegades-pgl-major-krakow-2017-main-qualifier,/download/demo/29826,2017-07-01T08:20:00,OpTic,/team/6615/optic,Renegades,/team/6211/renegades
/events/2721/pgl-major-krakow-2017-main-qualifier,/matches/2311886/dignitas-vs-tengri-pgl-major-krakow-2017-main-qualifier,/download/demo/29825,2017-07-01T07:00:00,dignitas,/team/5422/dignitas,Tengri,/team/7145/tengri
/events/2721/pgl-major-krakow-2017-main-qualifier,/matches/2311885/godsent-vs-mousesports-pgl-major-krakow-2017-main-qualifier,/download/demo/29820,2017-06-30T17:50:00,GODSENT,/team/6902/godsent,mousesports,/team/4494/mousesports
/events/2721/pgl-major-krakow-2017-main-qualifier,/matches/2311884/g2-vs-cloud9-pgl-major-krakow-2017-main-qualifier,/download/demo/29819,2017-06-30T16:10:00,G2,/team/5995/g2,Cloud9,/team/5752/cloud9
/events/2721/pgl-major-krakow-2017-main-qualifier,/matches/2311883/hellraisers-vs-flipsid3-pgl-major-krakow-2017-main-qualifier,/download/demo/29818,2017-06-30T15:00:00,HellRaisers,/team/5310/hellraisers,FlipSid3,/team/5988/flipsid3
/events/2721/pgl-major-krakow-2017-main-qualifier,/matches/2311882/dignitas-vs-immortals-pgl-major-krakow-2017-main-qualifier,/download/demo/29817,2017-06-30T13:30:00,dignitas,/team/5422/dignitas,Immortals,/team/7010/immortals
/events/2721/pgl-major-krakow-2017-main-qualifier,/matches/2311881/tengri-vs-big-pgl-major-krakow-2017-main-qualifier,/download/demo/29807,2017-06-30T11:30:00,Tengri,/team/7145/tengri,BIG,/team/7532/big
/events/2721/pgl-major-krakow-2017-main-qualifier,/matches/2311880/tyloo-vs-renegades-pgl-major-krakow-2017-main-qualifier,/download/demo/29805,2017-06-30T10:00:00,TyLoo,/team/4863/tyloo,Renegades,/team/6211/renegades
/events/2721/pgl-major-krakow-2017-main-qualifier,/matches/2311879/vega-squadron-vs-optic-pgl-major-krakow-2017-main-qualifier,/download/demo/29804,2017-06-30T08:20:00,Vega Squadron,/team/6094/vega-squadron,OpTic,/team/6615/optic
/events/2721/pgl-major-krakow-2017-main-qualifier,/matches/2311878/liquid-vs-penta-pgl-major-krakow-2017-main-qualifier,/download/demo/29803,2017-06-30T07:05:00,Liquid,/team/5973/liquid,PENTA,/team/5395/penta
/events/2721/pgl-major-krakow-2017-main-qualifier,/matches/2311877/big-vs-cloud9-pgl-major-krakow-2017-main-qualifier,/download/demo/29793,2017-06-29T19:20:00,BIG,/team/7532/big,Cloud9,/team/5752/cloud9
/events/2721/pgl-major-krakow-2017-main-qualifier,/matches/2311876/flipsid3-vs-renegades-pgl-major-krakow-2017-main-qualifier,/download/demo/29791,2017-06-29T17:25:00,FlipSid3,/team/5988/flipsid3,Renegades,/team/6211/renegades
/events/2721/pgl-major-krakow-2017-main-qualifier,/matches/2311875/hellraisers-vs-vega-squadron-pgl-major-krakow-2017-main-qualifier,/download/demo/29785,2017-06-29T16:00:00,HellRaisers,/team/5310/hellraisers,Vega Squadron,/team/6094/vega-squadron
/events/2721/pgl-major-krakow-2017-main-qualifier,/matches/2311874/mousesports-vs-tengri-pgl-major-krakow-2017-main-qualifier,/download/demo/29784,2017-06-29T14:55:00,mousesports,/team/4494/mousesports,Tengri,/team/7145/tengri
/events/2721/pgl-major-krakow-2017-main-qualifier,/matches/2311873/godsent-vs-dignitas-pgl-major-krakow-2017-main-qualifier,/download/demo/29783,2017-06-29T12:55:00,GODSENT,/team/6902/godsent,dignitas,/team/5422/dignitas
/events/2721/pgl-major-krakow-2017-main-qualifier,/matches/2311872/liquid-vs-tyloo-pgl-major-krakow-2017-main-qualifier,/download/demo/29777,2017-06-29T10:55:00,Liquid,/team/5973/liquid,TyLoo,/team/4863/tyloo
/events/2721/pgl-major-krakow-2017-main-qualifier,/matches/2311871/optic-vs-penta-pgl-major-krakow-2017-main-qualifier,/download/demo/29769,2017-06-29T09:10:00,OpTic,/team/6615/optic,PENTA,/team/5395/penta
/events/2721/pgl-major-krakow-2017-main-qualifier,/matches/2311870/g2-vs-immortals-pgl-major-krakow-2017-main-qualifier,/download/demo/29759,2017-06-29T07:00:00,G2,/team/5995/g2,Immortals,/team/7010/immortals
/events/2763/ecs-season-3-finals,/matches/2311693/faze-vs-sk-ecs-season-3-finals,/download/demo/29660,2017-06-25T19:30:00,FaZe,/team/6667/faze,SK,/team/6137/sk
/events/2763/ecs-season-3-finals,/matches/2311692/sk-vs-astralis-ecs-season-3-finals,/download/demo/29656,2017-06-25T14:30:00,SK,/team/6137/sk,Astralis,/team/6665/astralis
/events/2763/ecs-season-3-finals,/matches/2311691/cloud9-vs-faze-ecs-season-3-finals,/download/demo/29648,2017-06-25T11:20:00,Cloud9,/team/5752/cloud9,FaZe,/team/6667/faze
/events/2763/ecs-season-3-finals,/matches/2311690/astralis-vs-liquid-ecs-season-3-finals,/download/demo/29616,2017-06-24T19:55:00,Astralis,/team/6665/astralis,Liquid,/team/5973/liquid
/events/2763/ecs-season-3-finals,/matches/2311689/faze-vs-g2-ecs-season-3-finals,/download/demo/29611,2017-06-24T17:00:00,FaZe,/team/6667/faze,G2,/team/5995/g2
/events/2763/ecs-season-3-finals,/matches/2311688/fnatic-vs-liquid-ecs-season-3-finals,/download/demo/29606,2017-06-24T13:00:00,fnatic,/team/4991/fnatic,Liquid,/team/5973/liquid
/events/2763/ecs-season-3-finals,/matches/2311687/optic-vs-g2-ecs-season-3-finals,/download/demo/29599,2017-06-24T10:15:00,OpTic,/team/6615/optic,G2,/team/5995/g2
/events/2763/ecs-season-3-finals,/matches/2311685/cloud9-vs-astralis-ecs-season-3-finals,/download/demo/29590,2017-06-23T18:55:00,Cloud9,/team/5752/cloud9,Astralis,/team/6665/astralis
/events/2763/ecs-season-3-finals,/matches/2311683/liquid-vs-astralis-ecs-season-3-finals,/download/demo/29584,2017-06-23T17:10:00,Liquid,/team/5973/liquid,Astralis,/team/6665/astralis
/events/2763/ecs-season-3-finals,/matches/2311682/cloud9-vs-fnatic-ecs-season-3-finals,/download/demo/29580,2017-06-23T16:00:00,Cloud9,/team/5752/cloud9,fnatic,/team/4991/fnatic
/events/2763/ecs-season-3-finals,/matches/2311681/faze-vs-sk-ecs-season-3-finals,/download/demo/29579,2017-06-23T14:40:00,FaZe,/team/6667/faze,SK,/team/6137/sk
/events/2763/ecs-season-3-finals,/matches/2311677/g2-vs-sk-ecs-season-3-finals,/download/demo/29578,2017-06-23T13:10:00,G2,/team/5995/g2,SK,/team/6137/sk
/events/2763/ecs-season-3-finals,/matches/2311676/faze-vs-optic-ecs-season-3-finals,/download/demo/29577,2017-06-23T11:15:00,FaZe,/team/6667/faze,OpTic,/team/6615/optic
/events/2569/dreamhack-open-summer-2017,/matches/2311469/sk-vs-fnatic-dreamhack-open-summer-2017,/download/demo/29474,2017-06-19T17:05:00,SK,/team/6137/sk,fnatic,/team/4991/fnatic
/events/2569/dreamhack-open-summer-2017,/matches/2311468/immortals-vs-fnatic-dreamhack-open-summer-2017,/download/demo/29468,2017-06-19T13:10:00,Immortals,/team/7010/immortals,fnatic,/team/4991/fnatic
/events/2569/dreamhack-open-summer-2017,/matches/2311467/clg-vs-sk-dreamhack-open-summer-2017,/download/demo/29467,2017-06-19T10:00:00,CLG,/team/5974/clg,SK,/team/6137/sk
/events/2569/dreamhack-open-summer-2017,/matches/2311466/fnatic-vs-gambit-dreamhack-open-summer-2017,/download/demo/29447,2017-06-18T17:00:00,fnatic,/team/4991/fnatic,Gambit,/team/6651/gambit
/events/2569/dreamhack-open-summer-2017,/matches/2311465/sk-vs-mousesports-dreamhack-open-summer-2017,/download/demo/29439,2017-06-18T14:00:00,SK,/team/6137/sk,mousesports,/team/4494/mousesports
/events/2569/dreamhack-open-summer-2017,/matches/2311464/gambit-vs-cloud9-dreamhack-open-summer-2017,/download/demo/29438,2017-06-18T11:40:00,Gambit,/team/6651/gambit,Cloud9,/team/5752/cloud9
/events/2569/dreamhack-open-summer-2017,/matches/2311463/singularity-vs-mousesports-dreamhack-open-summer-2017,/download/demo/29437,2017-06-18T09:00:00,Singularity,/team/6978/singularity,mousesports,/team/4494/mousesports
/events/2569/dreamhack-open-summer-2017,/matches/2311462/clg-vs-fnatic-dreamhack-open-summer-2017,/download/demo/29436,2017-06-17T18:15:00,CLG,/team/5974/clg,fnatic,/team/4991/fnatic
/events/2569/dreamhack-open-summer-2017,/matches/2311461/sk-vs-immortals-dreamhack-open-summer-2017,/download/demo/29435,2017-06-17T17:00:00,SK,/team/6137/sk,Immortals,/team/7010/immortals
/events/2569/dreamhack-open-summer-2017,/matches/2311460/fnatic-vs-cloud9-dreamhack-open-summer-2017,/download/demo/29434,2017-06-17T15:35:00,fnatic,/team/4991/fnatic,Cloud9,/team/5752/cloud9
/events/2569/dreamhack-open-summer-2017,/matches/2311459/mousesports-vs-immortals-dreamhack-open-summer-2017,/download/demo/29433,2017-06-17T14:05:00,mousesports,/team/4494/mousesports,Immortals,/team/7010/immortals
/events/2569/dreamhack-open-summer-2017,/matches/2311458/gambit-vs-clg-dreamhack-open-summer-2017,/download/demo/29432,2017-06-17T12:30:00,Gambit,/team/6651/gambit,CLG,/team/5974/clg
/events/2569/dreamhack-open-summer-2017,/matches/2311457/sk-vs-singularity-dreamhack-open-summer-2017,/download/demo/29431,2017-06-17T11:00:00,SK,/team/6137/sk,Singularity,/team/6978/singularity
/events/2889/adrenaline-cyber-league-2017,/matches/2311680/natus-vincere-vs-virtuspro-adrenaline-cyber-league-2017,/download/demo/29565,2017-06-18T19:10:00,Natus Vincere,/team/4608/natus-vincere,Virtus.pro,/team/5378/virtuspro
/events/2889/adrenaline-cyber-league-2017,/matches/2311679/virtuspro-vs-hellraisers-adrenaline-cyber-league-2017,,2017-06-18T13:30:00,Virtus.pro,/team/5378/virtuspro,HellRaisers,/team/5310/hellraisers
/events/2889/adrenaline-cyber-league-2017,/matches/2311678/natus-vincere-vs-flipsid3-adrenaline-cyber-league-2017,/download/demo/29427,2017-06-18T09:15:00,Natus Vincere,/team/4608/natus-vincere,FlipSid3,/team/5988/flipsid3
/events/2723/europe-minor-pgl-major-krakow-2017,/matches/2311568/penta-vs-big-europe-minor-pgl-major-krakow-2017,/download/demo/29430,2017-06-18T12:45:00,PENTA,/team/5395/penta,BIG,/team/7532/big
/events/2723/europe-minor-pgl-major-krakow-2017,/matches/2311567/dignitas-vs-big-europe-minor-pgl-major-krakow-2017,/download/demo/29421,2017-06-18T09:40:00,dignitas,/team/5422/dignitas,BIG,/team/7532/big
/events/2723/europe-minor-pgl-major-krakow-2017,/matches/2311566/envyus-vs-big-europe-minor-pgl-major-krakow-2017,/download/demo/29420,2017-06-18T07:00:00,EnVyUs,/team/5991/envyus,BIG,/team/7532/big
/events/2723/europe-minor-pgl-major-krakow-2017,/matches/2311565/penta-vs-dignitas-europe-minor-pgl-major-krakow-2017,/download/demo/29391,2017-06-17T13:50:00,PENTA,/team/5395/penta,dignitas,/team/5422/dignitas
/events/2723/europe-minor-pgl-major-krakow-2017,/matches/2311564/big-vs-dignitas-europe-minor-pgl-major-krakow-2017,/download/demo/29390,2017-06-17T10:35:00,BIG,/team/7532/big,dignitas,/team/5422/dignitas
/events/2723/europe-minor-pgl-major-krakow-2017,/matches/2311563/penta-vs-envyus-europe-minor-pgl-major-krakow-2017,/download/demo/29389,2017-06-17T07:00:00,PENTA,/team/5395/penta,EnVyUs,/team/5991/envyus
/events/2723/europe-minor-pgl-major-krakow-2017,/matches/2311562/dignitas-vs-ldlc-europe-minor-pgl-major-krakow-2017,/download/demo/29376,2017-06-16T15:40:00,dignitas,/team/5422/dignitas,LDLC,/team/4674/ldlc
/events/2723/europe-minor-pgl-major-krakow-2017,/matches/2311561/igamecom-vs-ldlc-europe-minor-pgl-major-krakow-2017,/download/demo/29375,2017-06-16T11:50:00,iGame.com,/team/7331/igamecom,LDLC,/team/4674/ldlc
/events/2723/europe-minor-pgl-major-krakow-2017,/matches/2311560/penta-vs-dignitas-europe-minor-pgl-major-krakow-2017,/download/demo/29374,2017-06-16T10:15:00,PENTA,/team/5395/penta,dignitas,/team/5422/dignitas
/events/2723/europe-minor-pgl-major-krakow-2017,/matches/2311559/ldlc-vs-dignitas-europe-minor-pgl-major-krakow-2017,/download/demo/29373,2017-06-16T08:35:00,LDLC,/team/4674/ldlc,dignitas,/team/5422/dignitas
/events/2723/europe-minor-pgl-major-krakow-2017,/matches/2311558/penta-vs-igamecom-europe-minor-pgl-major-krakow-2017,/download/demo/29372,2017-06-16T07:00:00,PENTA,/team/5395/penta,iGame.com,/team/7331/igamecom
/events/2723/europe-minor-pgl-major-krakow-2017,/matches/2311557/ballistix-vs-envyus-europe-minor-pgl-major-krakow-2017,/download/demo/29354,2017-06-15T15:45:00,Ballistix,/team/7990/ballistix,EnVyUs,/team/5991/envyus
/events/2723/europe-minor-pgl-major-krakow-2017,/matches/2311556/envyus-vs-kinguin-europe-minor-pgl-major-krakow-2017,/download/demo/29343,2017-06-15T11:55:00,EnVyUs,/team/5991/envyus,Kinguin,/team/6134/kinguin
/events/2723/europe-minor-pgl-major-krakow-2017,/matches/2311555/ballistix-vs-big-europe-minor-pgl-major-krakow-2017,/download/demo/29342,2017-06-15T10:10:00,Ballistix,/team/7990/ballistix,BIG,/team/7532/big
/events/2723/europe-minor-pgl-major-krakow-2017,/matches/2311554/big-vs-kinguin-europe-minor-pgl-major-krakow-2017,/download/demo/29341,2017-06-15T08:30:00,BIG,/team/7532/big,Kinguin,/team/6134/kinguin
/events/2723/europe-minor-pgl-major-krakow-2017,/matches/2311553/envyus-vs-ballistix-europe-minor-pgl-major-krakow-2017,/download/demo/29340,2017-06-15T07:00:00,EnVyUs,/team/5991/envyus,Ballistix,/team/7990/ballistix
/events/2853/eleague-clash-for-cash,/matches/2311083/astralis-vs-virtuspro-eleague-clash-for-cash,/download/demo/29384,2017-06-17T02:20:00,Astralis,/team/6665/astralis,Virtus.pro,/team/5378/virtuspro
/events/2722/americas-minor-pgl-major-krakow-2017,/matches/2311444/immortals-vs-cloud9-americas-minor-pgl-major-krakow-2017,/download/demo/29271,2017-06-11T23:25:00,Immortals,/team/7010/immortals,Cloud9,/team/5752/cloud9
/events/2722/americas-minor-pgl-major-krakow-2017,/matches/2311443/cloud9-vs-clg-americas-minor-pgl-major-krakow-2017,/download/demo/29263,2017-06-11T20:10:00,Cloud9,/team/5752/cloud9,CLG,/team/5974/clg
/events/2722/americas-minor-pgl-major-krakow-2017,/matches/2311442/luminosity-vs-clg-americas-minor-pgl-major-krakow-2017,/download/demo/29255,2017-06-11T17:00:00,Luminosity,/team/6290/luminosity,CLG,/team/5974/clg
/events/2722/americas-minor-pgl-major-krakow-2017,/matches/2311441/cloud9-vs-immortals-americas-minor-pgl-major-krakow-2017,/download/demo/29246,2017-06-10T22:50:00,Cloud9,/team/5752/cloud9,Immortals,/team/7010/immortals
/events/2722/americas-minor-pgl-major-krakow-2017,/matches/2311440/immortals-vs-clg-americas-minor-pgl-major-krakow-2017,/download/demo/29245,2017-06-10T19:50:00,Immortals,/team/7010/immortals,CLG,/team/5974/clg
/events/2722/americas-minor-pgl-major-krakow-2017,/matches/2311439/luminosity-vs-cloud9-americas-minor-pgl-major-krakow-2017,/download/demo/29240,2017-06-10T17:00:00,Luminosity,/team/6290/luminosity,Cloud9,/team/5752/cloud9
/events/2722/americas-minor-pgl-major-krakow-2017,/matches/2311438/clg-vs-pain-americas-minor-pgl-major-krakow-2017,/download/demo/29233,2017-06-10T00:30:00,CLG,/team/5974/clg,paiN,/team/4773/pain
/events/2722/americas-minor-pgl-major-krakow-2017,/matches/2311437/pain-vs-misfits-americas-minor-pgl-major-krakow-2017,/download/demo/29232,2017-06-09T21:50:00,paiN,/team/4773/pain,Misfits,/team/7557/misfits
/events/2722/americas-minor-pgl-major-krakow-2017,/matches/2311436/cloud9-vs-clg-americas-minor-pgl-major-krakow-2017,/download/demo/29227,2017-06-09T20:10:00,Cloud9,/team/5752/cloud9,CLG,/team/5974/clg
/events/2722/americas-minor-pgl-major-krakow-2017,/matches/2311432/clg-vs-misfits-americas-minor-pgl-major-krakow-2017,/download/demo/29225,2017-06-09T18:30:00,CLG,/team/5974/clg,Misfits,/team/7557/misfits
/events/2722/americas-minor-pgl-major-krakow-2017,/matches/2311431/cloud9-vs-pain-americas-minor-pgl-major-krakow-2017,/download/demo/29224,2017-06-09T17:00:00,Cloud9,/team/5752/cloud9,paiN,/team/4773/pain
/events/2722/americas-minor-pgl-major-krakow-2017,/matches/2311435/luminosity-vs-nrg-americas-minor-pgl-major-krakow-2017,/download/demo/29214,2017-06-09T00:55:00,Luminosity,/team/6290/luminosity,NRG,/team/6673/nrg
/events/2722/americas-minor-pgl-major-krakow-2017,/matches/2311434/complexity-vs-nrg-americas-minor-pgl-major-krakow-2017,/download/demo/29210,2017-06-08T21:35:00,compLexity,/team/5005/complexity,NRG,/team/6673/nrg
/events/2722/americas-minor-pgl-major-krakow-2017,/matches/2311433/immortals-vs-luminosity-americas-minor-pgl-major-krakow-2017,/download/demo/29208,2017-06-08T20:10:00,Immortals,/team/7010/immortals,Luminosity,/team/6290/luminosity
/events/2722/americas-minor-pgl-major-krakow-2017,/matches/2311430/nrg-vs-luminosity-americas-minor-pgl-major-krakow-2017,/download/demo/29203,2017-06-08T18:30:00,NRG,/team/6673/nrg,Luminosity,/team/6290/luminosity
/events/2722/americas-minor-pgl-major-krakow-2017,/matches/2311429/immortals-vs-complexity-americas-minor-pgl-major-krakow-2017,/download/demo/29202,2017-06-08T17:05:00,Immortals,/team/7010/immortals,compLexity,/team/5005/complexity
/events/2725/asia-minor-pgl-major-krakow-2017,/matches/2311193/renegades-vs-tyloo-asia-minor-pgl-major-krakow-2017,/download/demo/29104,2017-06-04T07:20:00,Renegades,/team/6211/renegades,TyLoo,/team/4863/tyloo
/events/2725/asia-minor-pgl-major-krakow-2017,/matches/2311192/immunity-vs-tyloo-asia-minor-pgl-major-krakow-2017,/download/demo/29098,2017-06-04T04:30:00,Immunity,/team/4791/immunity,TyLoo,/team/4863/tyloo
/events/2725/asia-minor-pgl-major-krakow-2017,/matches/2311191/tyloo-vs-flash-asia-minor-pgl-major-krakow-2017,/download/demo/29097,2017-06-04T02:00:00,TyLoo,/team/4863/tyloo,Flash,/team/7660/flash
/events/2725/asia-minor-pgl-major-krakow-2017,/matches/2311190/renegades-vs-immunity-asia-minor-pgl-major-krakow-2017,/download/demo/29091,2017-06-03T09:20:00,Renegades,/team/6211/renegades,Immunity,/team/4791/immunity
/events/2725/asia-minor-pgl-major-krakow-2017,/matches/2311189/flash-vs-immunity-asia-minor-pgl-major-krakow-2017,/download/demo/29089,2017-06-03T06:05:00,Flash,/team/7660/flash,Immunity,/team/4791/immunity
/events/2725/asia-minor-pgl-major-krakow-2017,/matches/2311188/tyloo-vs-renegades-asia-minor-pgl-major-krakow-2017,/download/demo/29088,2017-06-03T02:00:00,TyLoo,/team/4863/tyloo,Renegades,/team/6211/renegades
/events/2725/asia-minor-pgl-major-krakow-2017,/matches/2311187/immunity-vs-themongolz-asia-minor-pgl-major-krakow-2017,/download/demo/29071,2017-06-02T09:00:00,Immunity,/team/4791/immunity,TheMongolz,/team/6248/themongolz
/events/2725/asia-minor-pgl-major-krakow-2017,/matches/2311186/7642-vs-themongolz-asia-minor-pgl-major-krakow-2017,/download/demo/29070,2017-06-02T06:45:00,7642,/team/7576/7642,TheMongolz,/team/6248/themongolz
/events/2725/asia-minor-pgl-major-krakow-2017,/matches/2311185/tyloo-vs-immunity-asia-minor-pgl-major-krakow-2017,/download/demo/29069,2017-06-02T05:30:00,TyLoo,/team/4863/tyloo,Immunity,/team/4791/immunity
/events/2725/asia-minor-pgl-major-krakow-2017,/matches/2311181/immunity-vs-themongolz-asia-minor-pgl-major-krakow-2017,/download/demo/29068,2017-06-02T03:30:00,Immunity,/team/4791/immunity,TheMongolz,/team/6248/themongolz
/events/2725/asia-minor-pgl-major-krakow-2017,/matches/2311180/tyloo-vs-7642-asia-minor-pgl-major-krakow-2017,/download/demo/29067,2017-06-02T02:00:00,TyLoo,/team/4863/tyloo,7642,/team/7576/7642
/events/2725/asia-minor-pgl-major-krakow-2017,/matches/2311184/renegades-vs-signature-asia-minor-pgl-major-krakow-2017,/download/demo/29052,2017-06-01T13:50:00,Renegades,/team/6211/renegades,Signature,/team/6774/signature
/events/2725/asia-minor-pgl-major-krakow-2017,/matches/2311183/signature-vs-spotnet-asia-minor-pgl-major-krakow-2017,/download/demo/29048,2017-06-01T06:10:00,Signature,/team/6774/signature,Spotnet,/team/7728/spotnet
/events/2725/asia-minor-pgl-major-krakow-2017,/matches/2311182/flash-vs-renegades-asia-minor-pgl-major-krakow-2017,/download/demo/29046,2017-06-01T04:50:00,Flash,/team/7660/flash,Renegades,/team/6211/renegades
/events/2725/asia-minor-pgl-major-krakow-2017,/matches/2311179/renegades-vs-spotnet-asia-minor-pgl-major-krakow-2017,/download/demo/29045,2017-06-01T03:25:00,Renegades,/team/6211/renegades,Spotnet,/team/7728/spotnet
/events/2725/asia-minor-pgl-major-krakow-2017,/matches/2311178/flash-vs-signature-asia-minor-pgl-major-krakow-2017,/download/demo/29044,2017-06-01T02:00:00,Flash,/team/7660/flash,Signature,/team/6774/signature
/events/2557/esl-pro-league-season-5-finals,/matches/2311271/g2-vs-north-esl-pro-league-season-5-finals,/download/demo/29122,2017-06-04T18:00:00,G2,/team/5995/g2,North,/team/7533/north
/events/2557/esl-pro-league-season-5-finals,/matches/2311270/north-vs-liquid-esl-pro-league-season-5-finals,/download/demo/29096,2017-06-03T20:30:00,North,/team/7533/north,Liquid,/team/5973/liquid
/events/2557/esl-pro-league-season-5-finals,/matches/2311269/g2-vs-sk-esl-pro-league-season-5-finals,/download/demo/29095,2017-06-03T17:00:00,G2,/team/5995/g2,SK,/team/6137/sk
/events/2557/esl-pro-league-season-5-finals,/matches/2311268/envyus-vs-liquid-esl-pro-league-season-5-finals,/download/demo/29065,2017-06-01T19:30:00,EnVyUs,/team/5991/envyus,Liquid,/team/5973/liquid
/events/2557/esl-pro-league-season-5-finals,/matches/2311267/sk-vs-mousesports-esl-pro-league-season-5-finals,/download/demo/29064,2017-06-01T17:00:00,SK,/team/6137/sk,mousesports,/team/4494/mousesports
/events/2557/esl-pro-league-season-5-finals,/matches/2311239/liquid-vs-north-esl-pro-league-season-5-finals,/download/demo/29043,2017-06-01T00:25:00,Liquid,/team/5973/liquid,North,/team/7533/north
/events/2557/esl-pro-league-season-5-finals,/matches/2311238/optic-vs-natus-vincere-esl-pro-league-season-5-finals,/download/demo/29042,2017-06-01T00:25:00,OpTic,/team/6615/optic,Natus Vincere,/team/4608/natus-vincere
/events/2557/esl-pro-league-season-5-finals,/matches/2311240/nrg-vs-mousesports-esl-pro-league-season-5-finals,/download/demo/29041,2017-06-01T00:20:00,NRG,/team/6673/nrg,mousesports,/team/4494/mousesports
/events/2557/esl-pro-league-season-5-finals,/matches/2311237/mousesports-vs-liquid-esl-pro-league-season-5-finals,/download/demo/29040,2017-05-31T23:00:00,mousesports,/team/4494/mousesports,Liquid,/team/5973/liquid
/events/2557/esl-pro-league-season-5-finals,/matches/2311236/north-vs-optic-esl-pro-league-season-5-finals,/download/demo/29039,2017-05-31T23:00:00,North,/team/7533/north,OpTic,/team/6615/optic
/events/2557/esl-pro-league-season-5-finals,/matches/2311233/mousesports-vs-optic-esl-pro-league-season-5-finals,/download/demo/29038,2017-05-31T21:50:00,mousesports,/team/4494/mousesports,OpTic,/team/6615/optic
/events/2557/esl-pro-league-season-5-finals,/matches/2311235/nrg-vs-natus-vincere-esl-pro-league-season-5-finals,/download/demo/29037,2017-05-31T21:50:00,NRG,/team/6673/nrg,Natus Vincere,/team/4608/natus-vincere
/events/2557/esl-pro-league-season-5-finals,/matches/2311332/sk-vs-fnatic-esl-pro-league-season-5-finals,/download/demo/29036,2017-05-31T21:00:00,SK,/team/6137/sk,fnatic,/team/4991/fnatic
