/events/1949/crowns-counter-strike-invitational,/team/5378/virtuspro,1,25600
/events/1949/crowns-counter-strike-invitational,/team/4791/immunity,2,7330
/events/1949/crowns-counter-strike-invitational,/team/6211/renegades,3,3660
/events/1949/crowns-counter-strike-invitational,/team/5752/cloud9,3,3660
/events/1886/pgl-season-1-finals,/team/5996/tsm,1,40000
/events/1886/pgl-season-1-finals,/team/5378/virtuspro,2,20000
/events/1886/pgl-season-1-finals,/team/4991/fnatic,3,10000
/events/1886/pgl-season-1-finals,/team/5973/liquid,4,5000
/events/1968/rgn-pro-series-championship,/team/5752/cloud9,1,15000
/events/1968/rgn-pro-series-championship,/team/6211/renegades,2,8000
/events/1968/rgn-pro-series-championship,/team/5973/liquid,3,3500
/events/1968/rgn-pro-series-championship,/team/6290/luminosity,4,1500
/events/1968/rgn-pro-series-championship,/team/6334/games-academy,5,700
/events/1968/rgn-pro-series-championship,/team/6191/enemy,5,700
/events/1968/rgn-pro-series-championship,/team/6386/winterfox,7,300
/events/1968/rgn-pro-series-championship,/team/6132/method,7,300
/events/1968/rgn-pro-series-championship,/team/5974/clg,9,0
/events/1968/rgn-pro-series-championship,/team/6457/nexus-storm,9,0
/events/1968/rgn-pro-series-championship,/team/6372/csgl,9,0
/events/1968/rgn-pro-series-championship,/team/5906/torqued,9,0
/events/1968/rgn-pro-series-championship,/team/5005/complexity,13,0
/events/1968/rgn-pro-series-championship,/team/5454/skdc,13,0
/events/1968/rgn-pro-series-championship,/team/6239/nexus,13,0
/events/1968/rgn-pro-series-championship,/team/6242/clg-red,13,0
/events/1853/cevo-professional-season-8-finals,/team/5378/virtuspro,1,40000
/events/1853/cevo-professional-season-8-finals,/team/4494/mousesports,2,25000
/events/1853/cevo-professional-season-8-finals,/team/5284/titan,3,10000
/events/1853/cevo-professional-season-8-finals,/team/6292/conquest,3,10000
/events/1853/cevo-professional-season-8-finals,/team/5422/dignitas,5,5000
/events/1853/cevo-professional-season-8-finals,/team/6290/luminosity,5,5000
/events/1853/cevo-professional-season-8-finals,/team/4608/natus-vincere,7,2500
/events/1853/cevo-professional-season-8-finals,/team/5973/liquid,7,2500
/events/1617/dreamhack-open-cluj-napoca-2015,/team/5991/envyus,1,100000
/events/1617/dreamhack-open-cluj-napoca-2015,/team/4608/natus-vincere,2,50000
/events/1617/dreamhack-open-cluj-napoca-2015,/team/5995/g2,3,22000
/events/1617/dreamhack-open-cluj-napoca-2015,/team/4411/nip,3,22000
/events/1617/dreamhack-open-cluj-napoca-2015,/team/5996/tsm,5,10000
/events/1617/dreamhack-open-cluj-napoca-2015,/team/5378/virtuspro,5,10000
/events/1617/dreamhack-open-cluj-napoca-2015,/team/6290/luminosity,5,10000
/events/1617/dreamhack-open-cluj-napoca-2015,/team/4991/fnatic,5,10000
/events/1617/dreamhack-open-cluj-napoca-2015,/team/5974/clg,9,2000
/events/1617/dreamhack-open-cluj-napoca-2015,/team/5752/cloud9,9,2000
/events/1617/dreamhack-open-cluj-napoca-2015,/team/4494/mousesports,9,2000
/events/1617/dreamhack-open-cluj-napoca-2015,/team/5284/titan,9,2000
/events/1617/dreamhack-open-cluj-napoca-2015,/team/5988/flipsid3,13,2000
/events/1617/dreamhack-open-cluj-napoca-2015,/team/5973/liquid,13,2000
/events/1617/dreamhack-open-cluj-napoca-2015,/team/5422/dignitas,13,2000
/events/1617/dreamhack-open-cluj-napoca-2015,/team/6375/vexed,13,2000
/events/1615/faceit-league-2015-stage-3-finals-at-dh-winter-2015,/team/4991/fnatic,1,100000
/events/1615/faceit-league-2015-stage-3-finals-at-dh-winter-2015,/team/6290/luminosity,2,50000
/events/1615/faceit-league-2015-stage-3-finals-at-dh-winter-2015,/team/5996/tsm,3,25000
/events/1615/faceit-league-2015-stage-3-finals-at-dh-winter-2015,/team/5378/virtuspro,3,25000
/events/1615/faceit-league-2015-stage-3-finals-at-dh-winter-2015,/team/4411/nip,5,15000
/events/1615/faceit-league-2015-stage-3-finals-at-dh-winter-2015,/team/5973/liquid,5,15000
/events/1615/faceit-league-2015-stage-3-finals-at-dh-winter-2015,/team/5991/envyus,7,10000
/events/1615/faceit-league-2015-stage-3-finals-at-dh-winter-2015,/team/6468/legacy,7,10000
/events/1865/iem-san-jose-2015,/team/4608/natus-vincere,1,56250
/events/1865/iem-san-jose-2015,/team/5996/tsm,2,22500
/events/1865/iem-san-jose-2015,/team/5973/liquid,3,11250
/events/1865/iem-san-jose-2015,/team/5995/g2,3,11250
/events/1865/iem-san-jose-2015,/team/5378/virtuspro,5,2812
/events/1865/iem-san-jose-2015,/team/5752/cloud9,5,2812
/events/1865/iem-san-jose-2015,/team/5974/clg,5,2812
/events/1865/iem-san-jose-2015,/team/6290/luminosity,5,2812
/events/1986/esl-esea-pro-league-season-2-finals,/team/4991/fnatic,1,100000
/events/1986/esl-esea-pro-league-season-2-finals,/team/4608/natus-vincere,2,60000
/events/1986/esl-esea-pro-league-season-2-finals,/team/5991/envyus,3,25000
/events/1986/esl-esea-pro-league-season-2-finals,/team/6548/-,3,25000
/events/1986/esl-esea-pro-league-season-2-finals,/team/5973/liquid,5,12500
/events/1986/esl-esea-pro-league-season-2-finals,/team/6290/luminosity,5,12500
/events/1986/esl-esea-pro-league-season-2-finals,/team/5974/clg,7,7500
/events/1986/esl-esea-pro-league-season-2-finals,/team/6292/conquest,7,7500
/events/1608/fragbite-masters-season-5-finals,/team/4991/fnatic,1,25800
/events/1608/fragbite-masters-season-5-finals,/team/4411/nip,2,14300
/events/1608/fragbite-masters-season-5-finals,/team/6137/sk,3,10300
/events/1608/fragbite-masters-season-5-finals,/team/6548/-,4,6900
/events/1977/dreamhack-zowie-open-leipzig-2016,/team/4608/natus-vincere,1,50000
/events/1977/dreamhack-zowie-open-leipzig-2016,/team/6290/luminosity,2,20000
/events/1977/dreamhack-zowie-open-leipzig-2016,/team/6665/astralis,3,10000
/events/1977/dreamhack-zowie-open-leipzig-2016,/team/5422/dignitas,3,10000
/events/1977/dreamhack-zowie-open-leipzig-2016,/team/4494/mousesports,5,3000
/events/1977/dreamhack-zowie-open-leipzig-2016,/team/6667/faze,5,3000
/events/1977/dreamhack-zowie-open-leipzig-2016,/team/5378/virtuspro,7,2000
/events/1977/dreamhack-zowie-open-leipzig-2016,/team/6137/sk,7,2000
/events/1978/sl-i-league-starseries-xiv-finals,/team/4991/fnatic,1,90000
/events/1978/sl-i-league-starseries-xiv-finals,/team/4608/natus-vincere,2,40000
/events/1978/sl-i-league-starseries-xiv-finals,/team/5991/envyus,3,20000
/events/1978/sl-i-league-starseries-xiv-finals,/team/6290/luminosity,3,20000
/events/1978/sl-i-league-starseries-xiv-finals,/team/6548/-,5,9000
/events/1978/sl-i-league-starseries-xiv-finals,/team/5995/g2,5,9000
/events/1978/sl-i-league-starseries-xiv-finals,/team/6637/ex-titan,7,6000
/events/1978/sl-i-league-starseries-xiv-finals,/team/6503/cyberzen,7,6000
/events/2080/eleague-road-to-vegas,/team/6615/optic,1,35000
/events/2080/eleague-road-to-vegas,/team/6372/csgl,2,15000
/events/2148/pantamera-csgo-challenge-2016,/team/6685/ancient,1,13680
/events/2148/pantamera-csgo-challenge-2016,/team/6405/orgless,2,5472
/events/2148/pantamera-csgo-challenge-2016,/team/6724/preparation,3,2736
/events/2148/pantamera-csgo-challenge-2016,/team/4501/alternate-attax,4,
/events/2148/pantamera-csgo-challenge-2016,/team/4869/ence,5,
/events/2148/pantamera-csgo-challenge-2016,/team/4894/aligon,5,
/events/2148/pantamera-csgo-challenge-2016,/team/6743/a-la-mix,7,
/events/2148/pantamera-csgo-challenge-2016,/team/6287/torpedo,7,
/events/2071/mlg-columbus-2016-main-qualifier,/team/5995/g2,1,
/events/2071/mlg-columbus-2016-main-qualifier,/team/4494/mousesports,1,
/events/2071/mlg-columbus-2016-main-qualifier,/team/6301/splyce,1,
/events/2071/mlg-columbus-2016-main-qualifier,/team/6651/gambit,1,
/events/2071/mlg-columbus-2016-main-qualifier,/team/5752/cloud9,5,
/events/2071/mlg-columbus-2016-main-qualifier,/team/5974/clg,5,
/events/2071/mlg-columbus-2016-main-qualifier,/team/5973/liquid,5,
/events/2071/mlg-columbus-2016-main-qualifier,/team/5988/flipsid3,5,
/events/2071/mlg-columbus-2016-main-qualifier,/team/6211/renegades,9,
/events/2071/mlg-columbus-2016-main-qualifier,/team/6375/vexed,9,
/events/2071/mlg-columbus-2016-main-qualifier,/team/5310/hellraisers,9,
/events/2071/mlg-columbus-2016-main-qualifier,/team/6118/tempo-storm,9,
/events/2071/mlg-columbus-2016-main-qualifier,/team/6736/selfless,13,
/events/2071/mlg-columbus-2016-main-qualifier,/team/6471/yp,13,
/events/2071/mlg-columbus-2016-main-qualifier,/team/6137/sk,13,
/events/2071/mlg-columbus-2016-main-qualifier,/team/5422/dignitas,13,
/events/2100/esl-barcelona-csgo-invitational-presented-by-mobile-world-congress,/team/4991/fnatic,1,35624
/events/2100/esl-barcelona-csgo-invitational-presented-by-mobile-world-congress,/team/6665/astralis,2,17812
/events/2100/esl-barcelona-csgo-invitational-presented-by-mobile-world-congress,/team/5995/g2,3,9462
/events/2100/esl-barcelona-csgo-invitational-presented-by-mobile-world-congress,/team/5422/dignitas,4,8349
/events/2100/esl-barcelona-csgo-invitational-presented-by-mobile-world-congress,/team/5991/envyus,5,6122
/events/2100/esl-barcelona-csgo-invitational-presented-by-mobile-world-congress,/team/6375/vexed,6,3896
/events/2100/esl-barcelona-csgo-invitational-presented-by-mobile-world-congress,/team/5435/gbots,7,1669
/events/2100/esl-barcelona-csgo-invitational-presented-by-mobile-world-congress,/team/4468/x6tence,8,556
/events/1958/acer-predator-masters-powered-by-intel-season-2-finals,/team/4494/mousesports,1,20000
/events/1958/acer-predator-masters-powered-by-intel-season-2-finals,/team/5988/flipsid3,2,10000
/events/1958/acer-predator-masters-powered-by-intel-season-2-finals,/team/6226/e-fragnet,3,7000
/events/1958/acer-predator-masters-powered-by-intel-season-2-finals,/team/4501/alternate-attax,4,3000
/events/1958/acer-predator-masters-powered-by-intel-season-2-finals,/team/5310/hellraisers,5,0
/events/1958/acer-predator-masters-powered-by-intel-season-2-finals,/team/6372/csgl,5,0
/events/1958/acer-predator-masters-powered-by-intel-season-2-finals,/team/6045/ldlc-white,7,0
/events/1958/acer-predator-masters-powered-by-intel-season-2-finals,/team/6375/vexed,7,0
/events/2013/game-show-global-esports-cup-2016-finals,/team/5991/envyus,1,80000
/events/2013/game-show-global-esports-cup-2016-finals,/team/5422/dignitas,2,50000
/events/2013/game-show-global-esports-cup-2016-finals,/team/6665/astralis,3,30000
/events/2013/game-show-global-esports-cup-2016-finals,/team/5974/clg,4,20000
/events/2013/game-show-global-esports-cup-2016-finals,/team/5995/g2,5,5000
/events/2013/game-show-global-esports-cup-2016-finals,/team/5752/cloud9,5,5000
/events/2013/game-show-global-esports-cup-2016-finals,/team/5988/flipsid3,7,5000
/events/2013/game-show-global-esports-cup-2016-finals,/team/6132/method,7,5000
/events/2059/copenhagen-games-2016,/team/5310/hellraisers,1,18985
/events/2059/copenhagen-games-2016,/team/6226/e-fragnet,2,8934
/events/2059/copenhagen-games-2016,/team/4477/publiclirse,3,2792
/events/2059/copenhagen-games-2016,/team/5929/space-soldiers,3,2792
/events/2059/copenhagen-games-2016,/team/5422/dignitas,5,
/events/2059/copenhagen-games-2016,/team/6137/sk,5,
/events/2059/copenhagen-games-2016,/team/4548/cph-wolves,5,
/events/2059/copenhagen-games-2016,/team/6724/preparation,5,
/events/2059/copenhagen-games-2016,/team/6832/iwku,9,
/events/2059/copenhagen-games-2016,/team/6842/plantronics,9,
/events/2059/copenhagen-games-2016,/team/4688/epsilon,9,
/events/2059/copenhagen-games-2016,/team/4501/alternate-attax,9,
/events/2059/copenhagen-games-2016,/team/6855/fragsters,13,
/events/2059/copenhagen-games-2016,/team/6807/alpha,13,
/events/2059/copenhagen-games-2016,/team/4869/ence,13,
/events/2059/copenhagen-games-2016,/team/4682/rctic,13,
/events/2034/counter-pit-league-season-2-finals,/team/4608/natus-vincere,1,40000
/events/2034/counter-pit-league-season-2-finals,/team/6665/astralis,2,19200
/events/2034/counter-pit-league-season-2-finals,/team/5378/virtuspro,3,10400
/events/2034/counter-pit-league-season-2-finals,/team/6673/nrg,3,10400
/events/2034/counter-pit-league-season-2-finals,/team/5988/flipsid3,5,0
/events/2034/counter-pit-league-season-2-finals,/team/6287/torpedo,5,0
/events/2034/counter-pit-league-season-2-finals,/team/4791/immunity,5,0
/events/2034/counter-pit-league-season-2-finals,/team/5991/envyus,5,0
/events/2036/iem-katowice-2016,/team/4991/fnatic,1,104000
/events/2036/iem-katowice-2016,/team/6290/luminosity,2,44000
/events/2036/iem-katowice-2016,/team/4608/natus-vincere,3,23000
/events/2036/iem-katowice-2016,/team/6665/astralis,3,25000
/events/2036/iem-katowice-2016,/team/5378/virtuspro,5,13000
/events/2036/iem-katowice-2016,/team/6118/tempo-storm,5,13000
/events/2036/iem-katowice-2016,/team/4494/mousesports,7,7000
/events/2036/iem-katowice-2016,/team/6667/faze,7,7000
/events/2036/iem-katowice-2016,/team/4411/nip,9,5000
/events/2036/iem-katowice-2016,/team/6226/e-fragnet,9,4000
/events/2036/iem-katowice-2016,/team/6248/themongolz,11,2000
/events/2036/iem-katowice-2016,/team/5991/envyus,11,3000
/events/2099/dreamhack-masters-malm-2016,/team/4411/nip,1,100000
/events/2099/dreamhack-masters-malm-2016,/team/4608/natus-vincere,2,50000
/events/2099/dreamhack-masters-malm-2016,/team/6902/godsent,3,22000
/events/2099/dreamhack-masters-malm-2016,/team/5991/envyus,3,22000
/events/2099/dreamhack-masters-malm-2016,/team/5378/virtuspro,5,10000
/events/2099/dreamhack-masters-malm-2016,/team/4494/mousesports,5,10000
/events/2099/dreamhack-masters-malm-2016,/team/5422/dignitas,5,10000
/events/2099/dreamhack-masters-malm-2016,/team/4863/tyloo,5,10000
/events/2099/dreamhack-masters-malm-2016,/team/6118/tempo-storm,9,2000
/events/2099/dreamhack-masters-malm-2016,/team/6665/astralis,9,2000
/events/2099/dreamhack-masters-malm-2016,/team/5974/clg,9,2000
/events/2099/dreamhack-masters-malm-2016,/team/6290/luminosity,9,2000
/events/2099/dreamhack-masters-malm-2016,/team/6667/faze,13,2000
/events/2099/dreamhack-masters-malm-2016,/team/6372/csgl,13,2000
/events/2099/dreamhack-masters-malm-2016,/team/5995/g2,13,2000
/events/2099/dreamhack-masters-malm-2016,/team/5973/liquid,13,2000
/events/2027/mlg-columbus-2016,/team/6290/luminosity,1,500000
/events/2027/mlg-columbus-2016,/team/4608/natus-vincere,2,125000
/events/2027/mlg-columbus-2016,/team/5973/liquid,3,70000
/events/2027/mlg-columbus-2016,/team/6665/astralis,3,70000
/events/2027/mlg-columbus-2016,/team/5974/clg,5,35000
/events/2027/mlg-columbus-2016,/team/4991/fnatic,5,35000
/events/2027/mlg-columbus-2016,/team/4411/nip,5,35000
/events/2027/mlg-columbus-2016,/team/5378/virtuspro,5,35000
/events/2027/mlg-columbus-2016,/team/6651/gambit,9,8750
/events/2027/mlg-columbus-2016,/team/4494/mousesports,9,8750
/events/2027/mlg-columbus-2016,/team/6667/faze,9,8750
/events/2027/mlg-columbus-2016,/team/5995/g2,9,8750
/events/2027/mlg-columbus-2016,/team/5752/cloud9,13,8750
/events/2027/mlg-columbus-2016,/team/5991/envyus,13,8750
/events/2027/mlg-columbus-2016,/team/6301/splyce,13,8750
/events/2027/mlg-columbus-2016,/team/5988/flipsid3,13,8750
/events/2187/sl-i-league-invitational-1,/team/5378/virtuspro,1,50000
/events/2187/sl-i-league-invitational-1,/team/4608/natus-vincere,2,20000
/events/2187/sl-i-league-invitational-1,/team/5599/dobrygaming,3,12000
/events/2187/sl-i-league-invitational-1,/team/6902/godsent,4,8000
/events/2187/sl-i-league-invitational-1,/team/6302/worst-players,5,3000
/events/2187/sl-i-league-invitational-1,/team/5310/hellraisers,5,3000
/events/2187/sl-i-league-invitational-1,/team/5988/flipsid3,7,2000
/events/2187/sl-i-league-invitational-1,/team/6137/sk,7,2000
/events/2130/esl-pro-league-season-3-finals,/team/6290/luminosity,1,200000
/events/2130/esl-pro-league-season-3-finals,/team/5995/g2,2,90000
/events/2130/esl-pro-league-season-3-finals,/team/4411/nip,3,44000
/events/2130/esl-pro-league-season-3-finals,/team/4991/fnatic,3,44000
/events/2130/esl-pro-league-season-3-finals,/team/6615/optic,5,36000
/events/2130/esl-pro-league-season-3-finals,/team/5973/liquid,5,36000
/events/2130/esl-pro-league-season-3-finals,/team/5752/cloud9,7,31000
/events/2130/esl-pro-league-season-3-finals,/team/6665/astralis,7,31000
/events/1954/dreamhack-austin-2016,/team/6290/luminosity,1,50000
/events/1954/dreamhack-austin-2016,/team/6118/tempo-storm,2,20000
/events/1954/dreamhack-austin-2016,/team/5973/liquid,3,10000
/events/1954/dreamhack-austin-2016,/team/5752/cloud9,3,10000
/events/1954/dreamhack-austin-2016,/team/5974/clg,5,3000
/events/1954/dreamhack-austin-2016,/team/6736/selfless,5,3000
/events/1954/dreamhack-austin-2016,/team/6301/splyce,7,2000
/events/1954/dreamhack-austin-2016,/team/6673/nrg,7,2000
/events/2150/cevo-gfinity-professional-season-9-finals,/team/6118/tempo-storm,1,55000
/events/2150/cevo-gfinity-professional-season-9-finals,/team/6137/sk,2,30000
/events/2150/cevo-gfinity-professional-season-9-finals,/team/5378/virtuspro,3,12500
/events/2150/cevo-gfinity-professional-season-9-finals,/team/5310/hellraisers,3,12500
/events/2150/cevo-gfinity-professional-season-9-finals,/team/6615/optic,5,5000
/events/2150/cevo-gfinity-professional-season-9-finals,/team/5422/dignitas,5,5000
/events/2150/cevo-gfinity-professional-season-9-finals,/team/6301/splyce,7,2500
/events/2150/cevo-gfinity-professional-season-9-finals,/team/6736/selfless,7,2500
/events/2248/ecs-season-1-finals,/team/5995/g2,1,250000
/events/2248/ecs-season-1-finals,/team/6290/luminosity,2,125000
/events/2248/ecs-season-1-finals,/team/4991/fnatic,3,80000
/events/2248/ecs-season-1-finals,/team/5996/tsm,3,80000
/events/2248/ecs-season-1-finals,/team/5752/cloud9,5,65000
/events/2248/ecs-season-1-finals,/team/5973/liquid,5,65000
/events/2248/ecs-season-1-finals,/team/4411/nip,7,50000
/events/2248/ecs-season-1-finals,/team/6665/astralis,7,50000
/events/2109/dreamhack-zowie-open-summer-2016,/team/7010/immortals,1,50000
/events/2109/dreamhack-zowie-open-summer-2016,/team/4411/nip,2,20000
/events/2109/dreamhack-zowie-open-summer-2016,/team/6665/astralis,3,10000
/events/2109/dreamhack-zowie-open-summer-2016,/team/6902/godsent,3,10000
/events/2109/dreamhack-zowie-open-summer-2016,/team/4688/epsilon,5,3000
/events/2109/dreamhack-zowie-open-summer-2016,/team/6137/sk,5,3000
/events/2109/dreamhack-zowie-open-summer-2016,/team/4869/ence,7,2000
/events/2109/dreamhack-zowie-open-summer-2016,/team/5310/hellraisers,7,2000
/events/2258/esl-one-cologne-2016-main-qualifier,/team/4494/mousesports,1,
/events/2258/esl-one-cologne-2016-main-qualifier,/team/6667/faze,1,
/events/2258/esl-one-cologne-2016-main-qualifier,/team/6615/optic,3,
/events/2258/esl-one-cologne-2016-main-qualifier,/team/6651/gambit,3,
/events/2258/esl-one-cologne-2016-main-qualifier,/team/5991/envyus,3,
/events/2258/esl-one-cologne-2016-main-qualifier,/team/5422/dignitas,6,
/events/2258/esl-one-cologne-2016-main-qualifier,/team/5988/flipsid3,6,
/events/2258/esl-one-cologne-2016-main-qualifier,/team/5995/g2,6,
/events/2258/esl-one-cologne-2016-main-qualifier,/team/4863/tyloo,9,
/events/2258/esl-one-cologne-2016-main-qualifier,/team/5310/hellraisers,9,
/events/2258/esl-one-cologne-2016-main-qualifier,/team/5752/cloud9,9,
/events/2258/esl-one-cologne-2016-main-qualifier,/team/6211/renegades,12,
/events/2258/esl-one-cologne-2016-main-qualifier,/team/6301/splyce,12,
/events/2258/esl-one-cologne-2016-main-qualifier,/team/7010/immortals,12,
/events/2258/esl-one-cologne-2016-main-qualifier,/team/6668/fluffy-gangsters,15,
/events/2258/esl-one-cologne-2016-main-qualifier,/team/6684/empire,15,
/events/2135/eleague-season-1,/team/5378/virtuspro,1,390000
/events/2135/eleague-season-1,/team/4991/fnatic,2,140000
/events/2135/eleague-season-1,/team/4494/mousesports,3,60000
/events/2135/eleague-season-1,/team/4608/natus-vincere,3,60000
/events/2135/eleague-season-1,/team/4411/nip,5,50000
/events/2135/eleague-season-1,/team/6665/astralis,5,50000
/events/2135/eleague-season-1,/team/5991/envyus,5,50000
/events/2135/eleague-season-1,/team/5752/cloud9,5,50000
/events/2135/eleague-season-1,/team/6667/faze,9,40000
/events/2135/eleague-season-1,/team/6211/renegades,9,40000
/events/2135/eleague-season-1,/team/5974/clg,11,40000
/events/2135/eleague-season-1,/team/6651/gambit,11,40000
/events/2135/eleague-season-1,/team/5988/flipsid3,11,40000
/events/2135/eleague-season-1,/team/5995/g2,11,40000
/events/2135/eleague-season-1,/team/6615/optic,15,30000
/events/2135/eleague-season-1,/team/5422/dignitas,15,30000
/events/2135/eleague-season-1,/team/5973/liquid,17,30000
/events/2135/eleague-season-1,/team/5005/complexity,17,30000
/events/2135/eleague-season-1,/team/6673/nrg,17,30000
/events/2135/eleague-season-1,/team/5996/tsm,17,30000
/events/2135/eleague-season-1,/team/6680/echo-fox,17,30000
/events/2135/eleague-season-1,/team/6736/selfless,17,30000
/events/2135/eleague-season-1,/team/6137/sk,23,30000
/events/2135/eleague-season-1,/team/7059/x,23,30000
/events/2319/pro-gamer-league-2016-summer-finals,/team/4688/epsilon,1,50000
/events/2319/pro-gamer-league-2016-summer-finals,/team/7059/x,2,30000
/events/2319/pro-gamer-league-2016-summer-finals,/team/4863/tyloo,3,20000
/events/2319/pro-gamer-league-2016-summer-finals,/team/6773/vgcyberzen,4,0
/events/2319/pro-gamer-league-2016-summer-finals,/team/6502/born-of-fire,5,0
/events/2319/pro-gamer-league-2016-summer-finals,/team/6908/five,5,0
/events/2319/pro-gamer-league-2016-summer-finals,/team/6635/efuture,7,0
/events/2319/pro-gamer-league-2016-summer-finals,/team/7086/energy-pacemaker,7,0
/events/2062/esl-one-cologne-2016,/team/6137/sk,1,500000
/events/2062/esl-one-cologne-2016,/team/5973/liquid,2,150000
/events/2062/esl-one-cologne-2016,/team/4991/fnatic,3,70000
/events/2062/esl-one-cologne-2016,/team/5378/virtuspro,3,70000
/events/2062/esl-one-cologne-2016,/team/5988/flipsid3,5,35000
/events/2062/esl-one-cologne-2016,/team/4608/natus-vincere,5,35000
/events/2062/esl-one-cologne-2016,/team/6651/gambit,5,35000
/events/2062/esl-one-cologne-2016,/team/6665/astralis,5,35000
/events/2062/esl-one-cologne-2016,/team/4411/nip,9,8750
/events/2062/esl-one-cologne-2016,/team/4494/mousesports,9,8750
/events/2062/esl-one-cologne-2016,/team/5422/dignitas,9,8750
/events/2062/esl-one-cologne-2016,/team/6667/faze,9,8750
/events/2062/esl-one-cologne-2016,/team/5991/envyus,13,8750
/events/2062/esl-one-cologne-2016,/team/5995/g2,13,8750
/events/2062/esl-one-cologne-2016,/team/6615/optic,13,8750
/events/2062/esl-one-cologne-2016,/team/5974/clg,13,8750
/events/2350/esea-season-22-global-challenge,/team/6959/mk,1,18000
/events/2350/esea-season-22-global-challenge,/team/7168/crowns,2,10000
/events/2350/esea-season-22-global-challenge,/team/4501/alternate-attax,3,5000
/events/2350/esea-season-22-global-challenge,/team/6680/echo-fox,3,5000
/events/2350/esea-season-22-global-challenge,/team/4869/ence,5,3000
/events/2350/esea-season-22-global-challenge,/team/6621/g3x,5,3000
/events/2350/esea-season-22-global-challenge,/team/6010/chiefs,7,3000
/events/2350/esea-season-22-global-challenge,/team/7155/pnda,7,3000
/events/2314/asus-rog-summer-2016,/team/5929/space-soldiers,1,12000
/events/2314/asus-rog-summer-2016,/team/4688/epsilon,2,7000
/events/2314/asus-rog-summer-2016,/team/4559/millenium,3,3000
/events/2314/asus-rog-summer-2016,/team/4869/ence,3,3000
/events/2314/asus-rog-summer-2016,/team/4602/tricked,5,0
/events/2314/asus-rog-summer-2016,/team/6865/escape,5,0
/events/2314/asus-rog-summer-2016,/team/7028/lgr,7,0
/events/2314/asus-rog-summer-2016,/team/7039/archangels,7,0
/events/2435/gfinity-csgo-invitational-2016,/team/5991/envyus,1,50000
/events/2435/gfinity-csgo-invitational-2016,/team/4494/mousesports,2,30000
/events/2435/gfinity-csgo-invitational-2016,/team/4688/epsilon,3,10000
/events/2435/gfinity-csgo-invitational-2016,/team/6902/godsent,3,10000
/events/2411/extremesland-asia-finals-2016,/team/6773/vgcyberzen,1,40000
/events/2411/extremesland-asia-finals-2016,/team/6211/renegades,2,20000
/events/2411/extremesland-asia-finals-2016,/team/6714/dreamscape,3,8000
/events/2411/extremesland-asia-finals-2016,/team/6248/themongolz,3,8000
/events/2411/extremesland-asia-finals-2016,/team/5258/nxl,5,4000
/events/2411/extremesland-asia-finals-2016,/team/6353/mith,5,4000
/events/2411/extremesland-asia-finals-2016,/team/6474/mvp-project,5,4000
/events/2411/extremesland-asia-finals-2016,/team/6504/allgamers,5,4000
/events/2411/extremesland-asia-finals-2016,/team/4865/new4,9,1000
/events/2411/extremesland-asia-finals-2016,/team/6681/risky,9,1000
/events/2411/extremesland-asia-finals-2016,/team/7024/ehome,9,1000
/events/2411/extremesland-asia-finals-2016,/team/7229/rebellion,9,1000
/events/2411/extremesland-asia-finals-2016,/team/6109/mvpkarnal,13,1000
/events/2411/extremesland-asia-finals-2016,/team/7230/gogomyteam,13,1000
/events/2411/extremesland-asia-finals-2016,/team/7231/invictus,13,1000
/events/2411/extremesland-asia-finals-2016,/team/7232/rascal-jester,13,1000
/events/2112/dreamhack-zowie-open-bucharest-2016,/team/5378/virtuspro,1,50000
/events/2112/dreamhack-zowie-open-bucharest-2016,/team/5752/cloud9,2,20000
/events/2112/dreamhack-zowie-open-bucharest-2016,/team/5422/dignitas,3,10000
/events/2112/dreamhack-zowie-open-bucharest-2016,/team/5991/envyus,3,10000
/events/2112/dreamhack-zowie-open-bucharest-2016,/team/6667/faze,5,3000
/events/2112/dreamhack-zowie-open-bucharest-2016,/team/7175/heroic,5,3000
/events/2112/dreamhack-zowie-open-bucharest-2016,/team/5988/flipsid3,7,2000
/events/2112/dreamhack-zowie-open-bucharest-2016,/team/6651/gambit,7,2000
/events/2325/sl-i-league-starseries-season-2-finals,/team/4411/nip,1,130000
/events/2325/sl-i-league-starseries-season-2-finals,/team/5995/g2,2,50000
/events/2325/sl-i-league-starseries-season-2-finals,/team/5422/dignitas,3,25000
/events/2325/sl-i-league-starseries-season-2-finals,/team/5752/cloud9,3,25000
/events/2325/sl-i-league-starseries-season-2-finals,/team/5991/envyus,5,10000
/events/2325/sl-i-league-starseries-season-2-finals,/team/6665/astralis,5,10000
/events/2325/sl-i-league-starseries-season-2-finals,/team/5988/flipsid3,5,10000
/events/2325/sl-i-league-starseries-season-2-finals,/team/7175/heroic,5,10000
/events/2325/sl-i-league-starseries-season-2-finals,/team/4863/tyloo,9,4500
/events/2325/sl-i-league-starseries-season-2-finals,/team/6667/faze,9,4500
/events/2325/sl-i-league-starseries-season-2-finals,/team/6773/vgcyberzen,9,4500
/events/2325/sl-i-league-starseries-season-2-finals,/team/6902/godsent,9,4500
/events/2325/sl-i-league-starseries-season-2-finals,/team/4608/natus-vincere,13,3000
/events/2325/sl-i-league-starseries-season-2-finals,/team/6474/mvp-project,13,3000
/events/2325/sl-i-league-starseries-season-2-finals,/team/5310/hellraisers,13,3000
/events/2325/sl-i-league-starseries-season-2-finals,/team/5378/virtuspro,13,3000
/events/2285/northern-arena-2016-toronto,/team/7010/immortals,1,50000
/events/2285/northern-arena-2016-toronto,/team/5752/cloud9,2,25000
/events/2285/northern-arena-2016-toronto,/team/7175/heroic,3,15000
/events/2285/northern-arena-2016-toronto,/team/6680/echo-fox,4,5000
/events/2285/northern-arena-2016-toronto,/team/5005/complexity,5,1250
/events/2285/northern-arena-2016-toronto,/team/5974/clg,5,1250
/events/2285/northern-arena-2016-toronto,/team/6736/selfless,5,1250
/events/2285/northern-arena-2016-toronto,/team/6615/optic,5,1250
/events/2285/northern-arena-2016-toronto,/team/6673/nrg,9,0
/events/2285/northern-arena-2016-toronto,/team/5996/tsm,9,0
/events/2285/northern-arena-2016-toronto,/team/7157/rogue,9,0
/events/2285/northern-arena-2016-toronto,/team/6386/winterfox,9,0
/events/2285/northern-arena-2016-toronto,/team/6117/ace,13,0
/events/2285/northern-arena-2016-toronto,/team/7099/synthetik,13,0
/events/2285/northern-arena-2016-toronto,/team/6301/splyce,13,0
/events/2340/eswc-2016,/team/4501/alternate-attax,1,20000
/events/2340/eswc-2016,/team/4674/ldlc,2,15000
/events/2340/eswc-2016,/team/5596/platinium,3,10000
/events/2340/eswc-2016,/team/5929/space-soldiers,3,10000
/events/2340/eswc-2016,/team/4602/tricked,5,5000
/events/2340/eswc-2016,/team/4688/epsilon,5,5000
/events/2340/eswc-2016,/team/7169/fnatic-academy,5,5000
/events/2340/eswc-2016,/team/6651/gambit,5,5000
/events/2340/eswc-2016,/team/6724/preparation,9,0
/events/2340/eswc-2016,/team/6896/pride,9,0
/events/2340/eswc-2016,/team/7318/norse,9,0
/events/2340/eswc-2016,/team/6134/kinguin,9,0
/events/2340/eswc-2016,/team/7326/k1ck-oldschool,9,0
/events/2340/eswc-2016,/team/7331/igamecom,9,0
/events/2340/eswc-2016,/team/4773/pain,9,0
/events/2340/eswc-2016,/team/7175/heroic,9,0
/events/2340/eswc-2016,/team/5395/penta,17,0
/events/2340/eswc-2016,/team/6762/bpro,17,0
/events/2340/eswc-2016,/team/6908/five,17,0
/events/2340/eswc-2016,/team/6290/luminosity,17,0
/events/2340/eswc-2016,/team/4869/ence,17,0
/events/2340/eswc-2016,/team/6368/red-instinct,17,0
/events/2340/eswc-2016,/team/7375/sector-one,17,0
/events/2340/eswc-2016,/team/5158/bravado,17,0
/events/2340/eswc-2016,/team/7208/godsent-academy,25,0
/events/2340/eswc-2016,/team/4559/millenium,25,0
/events/2340/eswc-2016,/team/7248/gex,25,0
/events/2340/eswc-2016,/team/6199/wyvern,25,0
/events/2340/eswc-2016,/team/7039/archangels,25,0
/events/2340/eswc-2016,/team/7157/rogue,25,0
/events/2340/eswc-2016,/team/7349/overcome,25,0
/events/2340/eswc-2016,/team/7379/ftw,25,0
/events/2306/esl-pro-league-season-4-finals,/team/5752/cloud9,1,200000
/events/2306/esl-pro-league-season-4-finals,/team/6137/sk,2,90000
/events/2306/esl-pro-league-season-4-finals,/team/4411/nip,3,45000
/events/2306/esl-pro-league-season-4-finals,/team/4494/mousesports,3,45000
/events/2306/esl-pro-league-season-4-finals,/team/5991/envyus,5,35000
/events/2306/esl-pro-league-season-4-finals,/team/6615/optic,5,35000
/events/2306/esl-pro-league-season-4-finals,/team/6667/faze,7,30000
/events/2306/esl-pro-league-season-4-finals,/team/5973/liquid,7,30000
/events/2306/esl-pro-league-season-4-finals,/team/5422/dignitas,9,25000
/events/2306/esl-pro-league-season-4-finals,/team/7010/immortals,9,25000
/events/2306/esl-pro-league-season-4-finals,/team/6673/nrg,11,20000
/events/2532/zotac-world-cup,/team/6301/splyce,1,7000
/events/2532/zotac-world-cup,/team/6773/vgcyberzen,2,3000
/events/2532/zotac-world-cup,/team/6134/kinguin,3,0
/events/2532/zotac-world-cup,/team/7108/4dimension,4,0
/events/2532/zotac-world-cup,/team/7324/enzo,5,0
/events/2532/zotac-world-cup,/team/7354/mvp-pk,5,0
/events/2410/epicenter-moscow,/team/5422/dignitas,1,250000
/events/2410/epicenter-moscow,/team/5378/virtuspro,2,100000
/events/2410/epicenter-moscow,/team/4608/natus-vincere,3,40000
/events/2410/epicenter-moscow,/team/6137/sk,3,40000
/events/2410/epicenter-moscow,/team/4991/fnatic,5,15000
/events/2410/epicenter-moscow,/team/5995/g2,5,15000
/events/2410/epicenter-moscow,/team/4411/nip,7,15000
/events/2410/epicenter-moscow,/team/5310/hellraisers,7,15000
/events/2482/iesf-world-championship-2016,/team/4869/ence,1,10000
/events/2482/iesf-world-championship-2016,/team/4863/tyloo,2,6000
/events/2482/iesf-world-championship-2016,/team/6474/mvp-project,3,4000
/events/2482/iesf-world-championship-2016,/team/6774/signature,4,0
/events/2482/iesf-world-championship-2016,/team/4803/ination,5,0
/events/2482/iesf-world-championship-2016,/team/5258/nxl,5,0
/events/2482/iesf-world-championship-2016,/team/5680/athletico,5,0
/events/2482/iesf-world-championship-2016,/team/7251/5frags,5,0
/events/2482/iesf-world-championship-2016,/team/6715/mineski,9,0
/events/2482/iesf-world-championship-2016,/team/7336/esportslab-black,9,0
/events/2482/iesf-world-championship-2016,/team/7187/nexus,9,0
/events/2482/iesf-world-championship-2016,/team/7274/sabertooth,9,0
/events/2482/iesf-world-championship-2016,/team/7338/maaischguet,13,0
/events/2482/iesf-world-championship-2016,/team/7342/excelsior,13,0
/events/2482/iesf-world-championship-2016,/team/6396/exaequo,13,0
/events/2482/iesf-world-championship-2016,/team/7334/firenation,13,0
/events/2482/iesf-world-championship-2016,/team/7337/dank-deaglez,17,0
/events/2482/iesf-world-championship-2016,/team/7153/dreamrar,17,0
/events/2482/iesf-world-championship-2016,/team/6282/south-africa,17,0
/events/2482/iesf-world-championship-2016,/team/7335/anubis,17,0
/events/2239/esl-one-new-york-2016,/team/4608/natus-vincere,1,125000
/events/2239/esl-one-new-york-2016,/team/5378/virtuspro,2,50000
/events/2239/esl-one-new-york-2016,/team/5973/liquid,3,25000
/events/2239/esl-one-new-york-2016,/team/6137/sk,3,25000
/events/2239/esl-one-new-york-2016,/team/4991/fnatic,5,8500
/events/2239/esl-one-new-york-2016,/team/6615/optic,5,8500
/events/2239/esl-one-new-york-2016,/team/6665/astralis,7,5000
/events/2239/esl-one-new-york-2016,/team/5995/g2,8,3000
/events/2454/ibuypower-masters-2016,/team/7010/immortals,1,20000
/events/2454/ibuypower-masters-2016,/team/5752/cloud9,2,15000
/events/2454/ibuypower-masters-2016,/team/4863/tyloo,3,12500
/events/2454/ibuypower-masters-2016,/team/6667/faze,3,12500
/events/2454/ibuypower-masters-2016,/team/6211/renegades,5,10000
/events/2454/ibuypower-masters-2016,/team/6680/echo-fox,5,10000
/events/2454/ibuypower-masters-2016,/team/5988/flipsid3,7,10000
/events/2454/ibuypower-masters-2016,/team/5996/tsm,7,10000
/events/2286/northern-arena-2016-montreal,/team/6615/optic,1,50000
/events/2286/northern-arena-2016-montreal,/team/5995/g2,2,25000
/events/2286/northern-arena-2016-montreal,/team/5991/envyus,3,10000
/events/2286/northern-arena-2016-montreal,/team/7175/heroic,3,10000
/events/2286/northern-arena-2016-montreal,/team/5973/liquid,5,1250
/events/2286/northern-arena-2016-montreal,/team/6673/nrg,5,1250
/events/2286/northern-arena-2016-montreal,/team/5005/complexity,7,1250
/events/2286/northern-arena-2016-montreal,/team/5974/clg,7,1250
/events/2431/predator-masters-3,/team/6651/gambit,1,25000
/events/2431/predator-masters-3,/team/6134/kinguin,2,12500
/events/2431/predator-masters-3,/team/7157/rogue,3,8500
/events/2431/predator-masters-3,/team/7169/fnatic-academy,4,4000
/events/2431/predator-masters-3,/team/5395/penta,5,0
/events/2431/predator-masters-3,/team/6343/euronics,5,0
/events/2431/predator-masters-3,/team/4559/millenium,7,0
/events/2431/predator-masters-3,/team/7425/divizon,7,0
/events/2559/igl-2016-grand-final,/team/7175/heroic,1,43746
/events/2559/igl-2016-grand-final,/team/6773/vgcyberzen,2,21872
/events/2559/igl-2016-grand-final,/team/4773/pain,3,11666
/events/2559/igl-2016-grand-final,/team/5005/complexity,3,11666
/events/2559/igl-2016-grand-final,/team/6908/five,5,2917
/events/2559/igl-2016-grand-final,/team/7092/5power,5,2917
/events/2559/igl-2016-grand-final,/team/6366/vault,7,2917
/events/2110/dreamhack-zowie-open-winter-2016,/team/6651/gambit,1,50000
/events/2110/dreamhack-zowie-open-winter-2016,/team/6211/renegades,2,20000
/events/2110/dreamhack-zowie-open-winter-2016,/team/6134/kinguin,3,10000
/events/2110/dreamhack-zowie-open-winter-2016,/team/6902/godsent,3,10000
/events/2110/dreamhack-zowie-open-winter-2016,/team/5752/cloud9,5,3000
/events/2110/dreamhack-zowie-open-winter-2016,/team/5988/flipsid3,5,3000
/events/2110/dreamhack-zowie-open-winter-2016,/team/5422/dignitas,7,2000
/events/2110/dreamhack-zowie-open-winter-2016,/team/6615/optic,7,2000
/events/2261/iem-oakland-2016,/team/4411/nip,1,125000
/events/2261/iem-oakland-2016,/team/6137/sk,2,50000
/events/2261/iem-oakland-2016,/team/6665/astralis,3,25000
/events/2261/iem-oakland-2016,/team/6667/faze,3,25000
/events/2261/iem-oakland-2016,/team/7010/immortals,5,12000
/events/2261/iem-oakland-2016,/team/5995/g2,5,12000
/events/2261/iem-oakland-2016,/team/5752/cloud9,7,5000
/events/2261/iem-oakland-2016,/team/5973/liquid,7,5000
/events/2261/iem-oakland-2016,/team/4608/natus-vincere,9,3500
/events/2261/iem-oakland-2016,/team/7175/heroic,9,3500
/events/2261/iem-oakland-2016,/team/4494/mousesports,11,2000
/events/2261/iem-oakland-2016,/team/4863/tyloo,11,2000
/events/2613/china-top-2016,/team/7169/fnatic-academy,1,72710
/events/2613/china-top-2016,/team/6474/mvp-project,2,43627
/events/2613/china-top-2016,/team/6773/vgcyberzen,3,14542
/events/2613/china-top-2016,/team/6908/five,3,14542
/events/2472/eleague-major-main-qualifier,/team/6667/faze,1,
/events/2472/eleague-major-main-qualifier,/team/6902/godsent,1,
/events/2472/eleague-major-main-qualifier,/team/4494/mousesports,3,
/events/2472/eleague-major-main-qualifier,/team/6615/optic,3,
/events/2472/eleague-major-main-qualifier,/team/5422/dignitas,3,
/events/2472/eleague-major-main-qualifier,/team/5995/g2,6,
/events/2472/eleague-major-main-qualifier,/team/5310/hellraisers,6,
/events/2472/eleague-major-main-qualifier,/team/5991/envyus,6,
/events/2472/eleague-major-main-qualifier,/team/6094/vega-squadron,9,
/events/2472/eleague-major-main-qualifier,/team/5752/cloud9,9,
/events/2472/eleague-major-main-qualifier,/team/7010/immortals,9,
/events/2472/eleague-major-main-qualifier,/team/4411/nip,12,
/events/2472/eleague-major-main-qualifier,/team/4863/tyloo,12,
/events/2472/eleague-major-main-qualifier,/team/5974/clg,12,
/events/2472/eleague-major-main-qualifier,/team/6211/renegades,15,
/events/2472/eleague-major-main-qualifier,/team/7020/spirit,15,
/events/2599/wca-2016-finals,/team/4688/epsilon,1,87000
/events/2599/wca-2016-finals,/team/6773/vgcyberzen,2,43500
/events/2599/wca-2016-finals,/team/7331/igamecom,3,29000
/events/2599/wca-2016-finals,/team/4863/tyloo,4,7200
/events/2599/wca-2016-finals,/team/7491/jyp,5,7200
/events/2599/wca-2016-finals,/team/7503/ex-g3x,5,7200
/events/2599/wca-2016-finals,/team/4791/immunity,7,7200
/events/2599/wca-2016-finals,/team/6502/born-of-fire,7,7200
/events/2599/wca-2016-finals,/team/6747/edg,9,0
/events/2599/wca-2016-finals,/team/6785/innova,9,0
/events/2367/ecs-season-2-finals,/team/6665/astralis,1,250000
/events/2367/ecs-season-2-finals,/team/6615/optic,2,120000
/events/2367/ecs-season-2-finals,/team/5991/envyus,3,65000
/events/2367/ecs-season-2-finals,/team/6137/sk,3,65000
/events/2367/ecs-season-2-finals,/team/5422/dignitas,5,45000
/events/2367/ecs-season-2-finals,/team/6667/faze,5,45000
/events/2367/ecs-season-2-finals,/team/5752/cloud9,7,35000
/events/2367/ecs-season-2-finals,/team/7010/immortals,7,35000
/events/2407/eleague-season-2,/team/6615/optic,1,400000
/events/2407/eleague-season-2,/team/6665/astralis,2,140000
/events/2407/eleague-season-2,/team/6137/sk,3,60000
/events/2407/eleague-season-2,/team/6667/faze,3,60000
/events/2407/eleague-season-2,/team/4411/nip,5,50000
/events/2407/eleague-season-2,/team/4494/mousesports,5,50000
/events/2407/eleague-season-2,/team/5378/virtuspro,5,50000
/events/2407/eleague-season-2,/team/5422/dignitas,5,50000
/events/2407/eleague-season-2,/team/5995/g2,9,30000
/events/2407/eleague-season-2,/team/4608/natus-vincere,9,30000
/events/2407/eleague-season-2,/team/4991/fnatic,9,30000
/events/2407/eleague-season-2,/team/5752/cloud9,9,30000
/events/2407/eleague-season-2,/team/5991/envyus,13,30000
/events/2407/eleague-season-2,/team/4501/alternate-attax,13,30000
/events/2407/eleague-season-2,/team/6680/echo-fox,13,30000
/events/2407/eleague-season-2,/team/7010/immortals,13,30000
/events/2471/eleague-major-2017,/team/6665/astralis,1,500000
/events/2471/eleague-major-2017,/team/5378/virtuspro,2,150000
/events/2471/eleague-major-2017,/team/6137/sk,3,70000
/events/2471/eleague-major-2017,/team/4991/fnatic,3,70000
/events/2471/eleague-major-2017,/team/4608/natus-vincere,5,35000
/events/2471/eleague-major-2017,/team/6651/gambit,5,35000
/events/2471/eleague-major-2017,/team/6667/faze,5,35000
/events/2471/eleague-major-2017,/team/7533/north,5,35000
/events/2471/eleague-major-2017,/team/5973/liquid,9,8750
/events/2471/eleague-major-2017,/team/6902/godsent,9,8750
/events/2471/eleague-major-2017,/team/5991/envyus,9,8750
/events/2471/eleague-major-2017,/team/4494/mousesports,12,8750
/events/2471/eleague-major-2017,/team/5995/g2,12,8750
/events/2471/eleague-major-2017,/team/6615/optic,12,8750
/events/2471/eleague-major-2017,/team/5310/hellraisers,15,8750
/events/2471/eleague-major-2017,/team/5988/flipsid3,15,8750
/events/2566/dreamhack-astro-open-leipzig-2017,/team/5988/flipsid3,1,50000
/events/2566/dreamhack-astro-open-leipzig-2017,/team/7532/big,2,20000
/events/2566/dreamhack-astro-open-leipzig-2017,/team/4674/ldlc,3,10000
/events/2566/dreamhack-astro-open-leipzig-2017,/team/7175/heroic,3,10000
/events/2566/dreamhack-astro-open-leipzig-2017,/team/6094/vega-squadron,5,3000
/events/2566/dreamhack-astro-open-leipzig-2017,/team/7169/fnatic-academy,5,3000
/events/2566/dreamhack-astro-open-leipzig-2017,/team/7157/rogue,7,2000
/events/2566/dreamhack-astro-open-leipzig-2017,/team/7534/qwerty,7,2000
/events/2564/wesg-2016-world-finals,/team/5991/envyus,1,800000
/events/2564/wesg-2016-world-finals,/team/6134/kinguin,2,400000
/events/2564/wesg-2016-world-finals,/team/5378/virtuspro,3,200000
/events/2564/wesg-2016-world-finals,/team/5929/space-soldiers,4,60000
/events/2564/wesg-2016-world-finals,/team/4688/epsilon,5,10000
/events/2564/wesg-2016-world-finals,/team/7018/darkpassage,5,10000
/events/2564/wesg-2016-world-finals,/team/4863/tyloo,5,10000
/events/2564/wesg-2016-world-finals,/team/7331/igamecom,5,10000
/events/2564/wesg-2016-world-finals,/team/7244/k23,9,0
/events/2564/wesg-2016-world-finals,/team/6736/selfless,9,0
/events/2564/wesg-2016-world-finals,/team/6773/vgcyberzen,9,0
/events/2564/wesg-2016-world-finals,/team/6774/signature,9,0
/events/2564/wesg-2016-world-finals,/team/6206/colombia,13,0
/events/2564/wesg-2016-world-finals,/team/5144/ukraine,13,0
/events/2564/wesg-2016-world-finals,/team/5158/bravado,13,0
/events/2564/wesg-2016-world-finals,/team/7268/russia,13,0
/events/2564/wesg-2016-world-finals,/team/6631/reak,17,0
/events/2564/wesg-2016-world-finals,/team/5956/quetzal,17,0
/events/2564/wesg-2016-world-finals,/team/6908/five,17,0
/events/2564/wesg-2016-world-finals,/team/6947/teamone,17,0
/events/2564/wesg-2016-world-finals,/team/7217/subtle,21,0
/events/2564/wesg-2016-world-finals,/team/7324/enzo,21,0
/events/2564/wesg-2016-world-finals,/team/7491/jyp,21,0
/events/2538/esea-season-23-global-challenge,/team/7157/rogue,1,18000
/events/2538/esea-season-23-global-challenge,/team/4674/ldlc,2,10000
/events/2538/esea-season-23-global-challenge,/team/6134/kinguin,3,5000
/events/2538/esea-season-23-global-challenge,/team/7517/tainted-minds,3,5000
/events/2538/esea-season-23-global-challenge,/team/5158/bravado,5,3000
/events/2538/esea-season-23-global-challenge,/team/7220/muffin-lightning,5,3000
/events/2538/esea-season-23-global-challenge,/team/5996/tsm,7,3000
/events/2538/esea-season-23-global-challenge,/team/7104/rush,7,3000
/events/2541/dreamhack-masters-las-vegas-2017,/team/5378/virtuspro,1,200000
/events/2541/dreamhack-masters-las-vegas-2017,/team/6137/sk,2,100000
/events/2541/dreamhack-masters-las-vegas-2017,/team/6665/astralis,3,25000
/events/2541/dreamhack-masters-las-vegas-2017,/team/7533/north,3,25000
/events/2541/dreamhack-masters-las-vegas-2017,/team/4411/nip,5,15000
/events/2541/dreamhack-masters-las-vegas-2017,/team/4494/mousesports,5,15000
/events/2541/dreamhack-masters-las-vegas-2017,/team/4608/natus-vincere,5,15000
/events/2541/dreamhack-masters-las-vegas-2017,/team/6651/gambit,5,15000
/events/2541/dreamhack-masters-las-vegas-2017,/team/6615/optic,9,5000
/events/2541/dreamhack-masters-las-vegas-2017,/team/4991/fnatic,9,5000
/events/2541/dreamhack-masters-las-vegas-2017,/team/6667/faze,9,5000
/events/2541/dreamhack-masters-las-vegas-2017,/team/5752/cloud9,9,5000
/events/2541/dreamhack-masters-las-vegas-2017,/team/6211/renegades,13,5000
/events/2541/dreamhack-masters-las-vegas-2017,/team/4863/tyloo,13,5000
/events/2541/dreamhack-masters-las-vegas-2017,/team/5005/complexity,13,5000
/events/2541/dreamhack-masters-las-vegas-2017,/team/7557/misfits,13,5000
/events/2649/assembly-winter-2017,/team/7242/dizlown,1,8000
/events/2649/assembly-winter-2017,/team/7397/outlaws,2,4000
/events/2649/assembly-winter-2017,/team/5195/planetkey,3,1500
/events/2649/assembly-winter-2017,/team/7585/rynnkkviikset,3,1500
/events/2649/assembly-winter-2017,/team/4468/x6tence,5,0
/events/2649/assembly-winter-2017,/team/6978/singularity,5,0
/events/2649/assembly-winter-2017,/team/7331/igamecom,5,0
/events/2649/assembly-winter-2017,/team/7434/conquer,5,0
/events/2649/assembly-winter-2017,/team/6375/vexed,9,0
/events/2649/assembly-winter-2017,/team/5596/platinium,9,0
/events/2649/assembly-winter-2017,/team/5824/ratsoftheyear,9,0
/events/2649/assembly-winter-2017,/team/6263/skitlite,9,0
/events/2649/assembly-winter-2017,/team/4484/paranoia,13,0
/events/2649/assembly-winter-2017,/team/6042/mnm,13,0
/events/2649/assembly-winter-2017,/team/7578/ex-findictus,13,0
/events/2649/assembly-winter-2017,/team/6369/dead-pixels,13,0
/events/2160/china-cup-2017,/team/4863/tyloo,1,58232
/events/2160/china-cup-2017,/team/7169/fnatic-academy,2,21836
/events/2160/china-cup-2017,/team/7567/boot-ds,3,11647
/events/2160/china-cup-2017,/team/7092/5power,4,7279
/events/2160/china-cup-2017,/team/6502/born-of-fire,5,0
/events/2160/china-cup-2017,/team/7639/efuture,5,0
/events/2637/iem-katowice-2017,/team/6665/astralis,1,104000
/events/2637/iem-katowice-2017,/team/6667/faze,2,44000
/events/2637/iem-katowice-2017,/team/7010/immortals,3,24000
/events/2637/iem-katowice-2017,/team/7175/heroic,3,23000
/events/2637/iem-katowice-2017,/team/4608/natus-vincere,5,13000
/events/2637/iem-katowice-2017,/team/7533/north,5,13000
/events/2637/iem-katowice-2017,/team/4991/fnatic,7,7000
/events/2637/iem-katowice-2017,/team/5378/virtuspro,7,7000
/events/2637/iem-katowice-2017,/team/4411/nip,9,4000
/events/2637/iem-katowice-2017,/team/5752/cloud9,9,5000
/events/2637/iem-katowice-2017,/team/6137/sk,11,4000
/events/2637/iem-katowice-2017,/team/6615/optic,11,2000
/events/2567/dreamhack-open-austin-2017,/team/6651/gambit,1,50000
/events/2567/dreamhack-open-austin-2017,/team/7010/immortals,2,20000
/events/2567/dreamhack-open-austin-2017,/team/5995/g2,3,10000
/events/2567/dreamhack-open-austin-2017,/team/7175/heroic,3,10000
/events/2567/dreamhack-open-austin-2017,/team/5310/hellraisers,5,3000
/events/2567/dreamhack-open-austin-2017,/team/5752/cloud9,5,3000
/events/2567/dreamhack-open-austin-2017,/team/5973/liquid,7,2000
/events/2567/dreamhack-open-austin-2017,/team/6290/luminosity,7,2000
/events/2641/cs-summit-spring-2017,/team/6137/sk,1,63750
/events/2641/cs-summit-spring-2017,/team/6651/gambit,2,33750
/events/2641/cs-summit-spring-2017,/team/6615/optic,3,19500
/events/2641/cs-summit-spring-2017,/team/5752/cloud9,4,15000
/events/2641/cs-summit-spring-2017,/team/4411/nip,5,5250
/events/2641/cs-summit-spring-2017,/team/5973/liquid,5,5250
/events/2641/cs-summit-spring-2017,/team/5991/envyus,7,3750
/events/2641/cs-summit-spring-2017,/team/6902/godsent,7,3750
/events/2753/copenhagen-games-2017,/team/6978/singularity,1,31866
/events/2753/copenhagen-games-2017,/team/7378/dreamchasers,2,13810
/events/2753/copenhagen-games-2017,/team/4602/tricked,3,5312
/events/2753/copenhagen-games-2017,/team/7532/big,3,5312
/events/2753/copenhagen-games-2017,/team/7331/igamecom,5,0
/events/2753/copenhagen-games-2017,/team/4688/epsilon,5,0
/events/2753/copenhagen-games-2017,/team/6673/nrg,5,0
/events/2753/copenhagen-games-2017,/team/7713/north-academy,5,0
/events/2753/copenhagen-games-2017,/team/4674/ldlc,9,0
/events/2753/copenhagen-games-2017,/team/7639/efuture,9,0
/events/2753/copenhagen-games-2017,/team/6842/plantronics,9,0
/events/2753/copenhagen-games-2017,/team/6896/pride,9,0
/events/2753/copenhagen-games-2017,/team/7169/fnatic-academy,13,0
/events/2753/copenhagen-games-2017,/team/6745/extatus,13,0
/events/2753/copenhagen-games-2017,/team/7666/defusekids,13,0
/events/2753/copenhagen-games-2017,/team/7674/ambush,13,0
/events/2683/sl-i-league-starseries-season-3-finals,/team/6667/faze,1,125000
/events/2683/sl-i-league-starseries-season-3-finals,/team/6665/astralis,2,50000
/events/2683/sl-i-league-starseries-season-3-finals,/team/4608/natus-vincere,3,25000
/events/2683/sl-i-league-starseries-season-3-finals,/team/5310/hellraisers,3,25000
/events/2683/sl-i-league-starseries-season-3-finals,/team/4991/fnatic,5,10000
/events/2683/sl-i-league-starseries-season-3-finals,/team/5974/clg,5,10000
/events/2683/sl-i-league-starseries-season-3-finals,/team/7533/north,5,10000
/events/2683/sl-i-league-starseries-season-3-finals,/team/5995/g2,5,10000
/events/2683/sl-i-league-starseries-season-3-finals,/team/4411/nip,9,6000
/events/2683/sl-i-league-starseries-season-3-finals,/team/6137/sk,9,6000
/events/2683/sl-i-league-starseries-season-3-finals,/team/7010/immortals,9,6000
/events/2683/sl-i-league-starseries-season-3-finals,/team/6474/mvp-project,12,4000
/events/2683/sl-i-league-starseries-season-3-finals,/team/6651/gambit,12,4000
/events/2683/sl-i-league-starseries-season-3-finals,/team/5378/virtuspro,12,4000
/events/2683/sl-i-league-starseries-season-3-finals,/team/4863/tyloo,15,2500
/events/2683/sl-i-league-starseries-season-3-finals,/team/7716/uya,15,2500
/events/2777/geforce-cup-2017,/team/5929/space-soldiers,1,15000
/events/2777/geforce-cup-2017,/team/7613/red-reserve,2,7000
/events/2777/geforce-cup-2017,/team/6134/kinguin,3,4000
/events/2777/geforce-cup-2017,/team/7454/gatekeepers,3,4000
/events/2777/geforce-cup-2017,/team/5395/penta,5,0
/events/2777/geforce-cup-2017,/team/7169/fnatic-academy,5,0
/events/2777/geforce-cup-2017,/team/7397/outlaws,5,0
/events/2777/geforce-cup-2017,/team/7701/imperial,5,0
/events/2749/esea-season-24-global-challenge-mdl-global-finals,/team/5395/penta,1,18000
/events/2749/esea-season-24-global-challenge-mdl-global-finals,/team/7532/big,2,10000
/events/2749/esea-season-24-global-challenge-mdl-global-finals,/team/6301/splyce,3,5000
/events/2749/esea-season-24-global-challenge-mdl-global-finals,/team/6902/godsent,3,5000
/events/2749/esea-season-24-global-challenge-mdl-global-finals,/team/4773/pain,5,3000
/events/2749/esea-season-24-global-challenge-mdl-global-finals,/team/7212/dark-sided,5,3000
/events/2749/esea-season-24-global-challenge-mdl-global-finals,/team/7592/enigma6,7,3000
/events/2749/esea-season-24-global-challenge-mdl-global-finals,/team/7801/ghost,7,3000
/events/2568/dreamhack-open-tours-2017,/team/5995/g2,1,50000
/events/2568/dreamhack-open-tours-2017,/team/5310/hellraisers,2,20000
/events/2568/dreamhack-open-tours-2017,/team/4494/mousesports,3,10000
/events/2568/dreamhack-open-tours-2017,/team/7557/misfits,3,10000
/events/2568/dreamhack-open-tours-2017,/team/4602/tricked,5,3000
/events/2568/dreamhack-open-tours-2017,/team/4608/natus-vincere,5,3000
/events/2568/dreamhack-open-tours-2017,/team/5991/envyus,7,2000
/events/2568/dreamhack-open-tours-2017,/team/7175/heroic,7,2000
/events/2807/4gamers-csgo-masters,/team/5929/space-soldiers,1,5948
/events/2807/4gamers-csgo-masters,/team/4469/k1ck,2,2199
/events/2807/4gamers-csgo-masters,/team/5524/alientech,3,1100
/events/2807/4gamers-csgo-masters,/team/6964/exotic-island,3,1100
/events/2807/4gamers-csgo-masters,/team/5944/egeneration,5,550
/events/2807/4gamers-csgo-masters,/team/7379/ftw,6,550
/events/2713/iem-sydney-2017,/team/6137/sk,1,100000
/events/2713/iem-sydney-2017,/team/6667/faze,2,40000
/events/2713/iem-sydney-2017,/team/6615/optic,3,20000
/events/2713/iem-sydney-2017,/team/6665/astralis,3,20000
/events/2713/iem-sydney-2017,/team/6010/chiefs,5,7500
/events/2713/iem-sydney-2017,/team/6211/renegades,6,4750
/events/2713/iem-sydney-2017,/team/7533/north,6,4750
/events/2713/iem-sydney-2017,/team/7606/vici,8,3000
/events/2763/ecs-season-3-finals,/team/6137/sk,1,250000
/events/2763/ecs-season-3-finals,/team/6667/faze,2,120000
/events/2763/ecs-season-3-finals,/team/5752/cloud9,3,65000
/events/2763/ecs-season-3-finals,/team/6665/astralis,3,65000
/events/2763/ecs-season-3-finals,/team/5973/liquid,5,45000
/events/2763/ecs-season-3-finals,/team/5995/g2,5,45000
/events/2763/ecs-season-3-finals,/team/4991/fnatic,7,35000
/events/2763/ecs-season-3-finals,/team/6615/optic,7,35000
/events/2569/dreamhack-open-summer-2017,/team/6137/sk,1,50000
/events/2569/dreamhack-open-summer-2017,/team/4991/fnatic,2,20000
/events/2569/dreamhack-open-summer-2017,/team/5974/clg,3,10000
/events/2569/dreamhack-open-summer-2017,/team/7010/immortals,3,10000
/events/2569/dreamhack-open-summer-2017,/team/4494/mousesports,5,3000
/events/2569/dreamhack-open-summer-2017,/team/6651/gambit,5,3000
/events/2569/dreamhack-open-summer-2017,/team/5752/cloud9,7,2000
/events/2569/dreamhack-open-summer-2017,/team/6978/singularity,7,2000
/events/2889/adrenaline-cyber-league-2017,/team/5378/virtuspro,1,65000
/events/2889/adrenaline-cyber-league-2017,/team/4608/natus-vincere,2,25000
/events/2889/adrenaline-cyber-league-2017,/team/5310/hellraisers,3,5000
/events/2889/adrenaline-cyber-league-2017,/team/5988/flipsid3,3,5000
/events/2723/europe-minor-pgl-major-krakow-2017,/team/7532/big,1,30000
/events/2723/europe-minor-pgl-major-krakow-2017,/team/5395/penta,2,15000
/events/2723/europe-minor-pgl-major-krakow-2017,/team/5422/dignitas,3,5000
/events/2723/europe-minor-pgl-major-krakow-2017,/team/5991/envyus,4,0
/events/2723/europe-minor-pgl-major-krakow-2017,/team/4674/ldlc,5,0
/events/2723/europe-minor-pgl-major-krakow-2017,/team/7990/ballistix,5,0
/events/2723/europe-minor-pgl-major-krakow-2017,/team/6134/kinguin,7,0
/events/2723/europe-minor-pgl-major-krakow-2017,/team/7331/igamecom,7,0
/events/2853/eleague-clash-for-cash,/team/6665/astralis,1,250000
/events/2853/eleague-clash-for-cash,/team/5378/virtuspro,2,0
/events/2722/americas-minor-pgl-major-krakow-2017,/team/5752/cloud9,1,30000
/events/2722/americas-minor-pgl-major-krakow-2017,/team/7010/immortals,2,15000
/events/2722/americas-minor-pgl-major-krakow-2017,/team/5974/clg,3,5000
/events/2722/americas-minor-pgl-major-krakow-2017,/team/6290/luminosity,4,0
/events/2722/americas-minor-pgl-major-krakow-2017,/team/4773/pain,5,0
/events/2722/americas-minor-pgl-major-krakow-2017,/team/6673/nrg,5,0
/events/2722/americas-minor-pgl-major-krakow-2017,/team/5005/complexity,7,0
/events/2722/americas-minor-pgl-major-krakow-2017,/team/7557/misfits,7,0
/events/2725/asia-minor-pgl-major-krakow-2017,/team/6211/renegades,1,30000
/events/2725/asia-minor-pgl-major-krakow-2017,/team/4863/tyloo,2,15000
/events/2725/asia-minor-pgl-major-krakow-2017,/team/4791/immunity,3,5000
/events/2725/asia-minor-pgl-major-krakow-2017,/team/7660/flash,4,0
/events/2725/asia-minor-pgl-major-krakow-2017,/team/6248/themongolz,5,0
/events/2725/asia-minor-pgl-major-krakow-2017,/team/6774/signature,5,0
/events/2725/asia-minor-pgl-major-krakow-2017,/team/7576/7642,7,0
/events/2725/asia-minor-pgl-major-krakow-2017,/team/7728/spotnet,7,0
/events/2557/esl-pro-league-season-5-finals,/team/5995/g2,1,225000
/events/2557/esl-pro-league-season-5-finals,/team/7533/north,2,100000
/events/2557/esl-pro-league-season-5-finals,/team/5973/liquid,3,60000
/events/2557/esl-pro-league-season-5-finals,/team/6137/sk,3,60000
/events/2557/esl-pro-league-season-5-finals,/team/4494/mousesports,5,45000
/events/2557/esl-pro-league-season-5-finals,/team/5991/envyus,5,45000
/events/2557/esl-pro-league-season-5-finals,/team/6615/optic,7,40000
/events/2557/esl-pro-league-season-5-finals,/team/4991/fnatic,7,40000
/events/2557/esl-pro-league-season-5-finals,/team/4608/natus-vincere,9,35000
/events/2557/esl-pro-league-season-5-finals,/team/7010/immortals,9,35000
/events/2557/esl-pro-league-season-5-finals,/team/6673/nrg,11,32500
/events/2557/esl-pro-league-season-5-finals,/team/5752/cloud9,11,32500
/events/2571/dreamhack-open-atlanta-2017,/team/5991/envyus,1,50000
/events/2571/dreamhack-open-atlanta-2017,/team/7175/heroic,2,20000
/events/2571/dreamhack-open-atlanta-2017,/team/5310/hellraisers,3,10000
/events/2571/dreamhack-open-atlanta-2017,/team/6211/renegades,3,10000
/events/2571/dreamhack-open-atlanta-2017,/team/6902/godsent,5,3000
/events/2571/dreamhack-open-atlanta-2017,/team/7557/misfits,5,3000
/events/2571/dreamhack-open-atlanta-2017,/team/6669/binary-dragons,7,2000
/events/2571/dreamhack-open-atlanta-2017,/team/6673/nrg,7,2000
/events/2720/pgl-major-krakow-2017,/team/6651/gambit,1,500000
/events/2720/pgl-major-krakow-2017,/team/7010/immortals,2,150000
/events/2720/pgl-major-krakow-2017,/team/5378/virtuspro,3,70000
/events/2720/pgl-major-krakow-2017,/team/6665/astralis,3,70000
/events/2720/pgl-major-krakow-2017,/team/6137/sk,5,35000
/events/2720/pgl-major-krakow-2017,/team/4991/fnatic,5,35000
/events/2720/pgl-major-krakow-2017,/team/7532/big,5,35000
/events/2720/pgl-major-krakow-2017,/team/7533/north,5,35000
/events/2720/pgl-major-krakow-2017,/team/5752/cloud9,9,8750
/events/2720/pgl-major-krakow-2017,/team/5988/flipsid3,9,8750
/events/2720/pgl-major-krakow-2017,/team/5995/g2,9,8750
/events/2720/pgl-major-krakow-2017,/team/4494/mousesports,12,8750
/events/2720/pgl-major-krakow-2017,/team/4608/natus-vincere,12,8750
/events/2720/pgl-major-krakow-2017,/team/5395/penta,12,8750
/events/2720/pgl-major-krakow-2017,/team/6094/vega-squadron,15,8750
/events/2720/pgl-major-krakow-2017,/team/6667/faze,15,8750
/events/2570/dreamhack-open-valencia-2017,/team/4411/nip,1,50000
/events/2570/dreamhack-open-valencia-2017,/team/7613/red-reserve,2,20000
/events/2570/dreamhack-open-valencia-2017,/team/5991/envyus,3,10000
/events/2570/dreamhack-open-valencia-2017,/team/7175/heroic,3,10000
/events/2570/dreamhack-open-valencia-2017,/team/5974/clg,5,3000
/events/2570/dreamhack-open-valencia-2017,/team/7339/kpi,5,3000
/events/2570/dreamhack-open-valencia-2017,/team/6673/nrg,7,2000
/events/2570/dreamhack-open-valencia-2017,/team/7557/misfits,7,2000
/events/2635/esl-one-cologne-2017,/team/6137/sk,1,100000
/events/2635/esl-one-cologne-2017,/team/5752/cloud9,2,40000
/events/2635/esl-one-cologne-2017,/team/4608/natus-vincere,3,20000
/events/2635/esl-one-cologne-2017,/team/6667/faze,3,20000
/events/2635/esl-one-cologne-2017,/team/4411/nip,5,10000
/events/2635/esl-one-cologne-2017,/team/5973/liquid,5,10000
/events/2635/esl-one-cologne-2017,/team/5995/g2,5,10000
/events/2635/esl-one-cologne-2017,/team/6615/optic,5,10000
/events/2635/esl-one-cologne-2017,/team/4494/mousesports,9,6000
/events/2635/esl-one-cologne-2017,/team/4991/fnatic,9,6000
/events/2635/esl-one-cologne-2017,/team/7533/north,9,6000
/events/2635/esl-one-cologne-2017,/team/7010/immortals,12,3000
/events/2635/esl-one-cologne-2017,/team/7175/heroic,12,3000
/events/2635/esl-one-cologne-2017,/team/5929/space-soldiers,12,3000
/events/2635/esl-one-cologne-2017,/team/4863/tyloo,15,1500
/events/2635/esl-one-cologne-2017,/team/5378/virtuspro,15,1500
/events/2721/pgl-major-krakow-2017-main-qualifier,/team/4494/mousesports,1,
/events/2721/pgl-major-krakow-2017-main-qualifier,/team/5995/g2,1,
/events/2721/pgl-major-krakow-2017-main-qualifier,/team/5395/penta,3,
/events/2721/pgl-major-krakow-2017-main-qualifier,/team/5752/cloud9,3,
/events/2721/pgl-major-krakow-2017-main-qualifier,/team/7532/big,3,
/events/2721/pgl-major-krakow-2017-main-qualifier,/team/6094/vega-squadron,6,
/events/2721/pgl-major-krakow-2017-main-qualifier,/team/7010/immortals,6,
/events/2721/pgl-major-krakow-2017-main-qualifier,/team/5988/flipsid3,6,
/events/2721/pgl-major-krakow-2017-main-qualifier,/team/5310/hellraisers,9,
/events/2721/pgl-major-krakow-2017-main-qualifier,/team/5422/dignitas,9,
/events/2721/pgl-major-krakow-2017-main-qualifier,/team/5973/liquid,9,
/events/2721/pgl-major-krakow-2017-main-qualifier,/team/4863/tyloo,12,
/events/2721/pgl-major-krakow-2017-main-qualifier,/team/6211/renegades,12,
/events/2721/pgl-major-krakow-2017-main-qualifier,/team/6902/godsent,12,
/events/2721/pgl-major-krakow-2017-main-qualifier,/team/6615/optic,15,
/events/2721/pgl-major-krakow-2017-main-qualifier,/team/7145/tengri,15,
/events/2350/esea-season-22-mdl-global-challenge,/team/6959/mk,1,18000
/events/2350/esea-season-22-mdl-global-challenge,/team/7168/crowns,2,10000
/events/2350/esea-season-22-mdl-global-challenge,/team/4501/alternate-attax,3,5000
/events/2350/esea-season-22-mdl-global-challenge,/team/6680/echo-fox,3,5000
/events/2350/esea-season-22-mdl-global-challenge,/team/4869/ence,5,3000
/events/2350/esea-season-22-mdl-global-challenge,/team/6621/g3x,5,3000
/events/2350/esea-season-22-mdl-global-challenge,/team/6010/chiefs,7,3000
/events/2350/esea-season-22-mdl-global-challenge,/team/7155/pnda,7,3000
/events/2538/esea-season-23-mdl-global-challenge,/team/7157/rogue,1,18000
/events/2538/esea-season-23-mdl-global-challenge,/team/4674/ldlc,2,10000
/events/2538/esea-season-23-mdl-global-challenge,/team/6134/kinguin,3,5000
/events/2538/esea-season-23-mdl-global-challenge,/team/7517/tainted-minds,3,5000
/events/2538/esea-season-23-mdl-global-challenge,/team/5158/bravado,5,3000
/events/2538/esea-season-23-mdl-global-challenge,/team/7220/muffin-lightning,5,3000
/events/2538/esea-season-23-mdl-global-challenge,/team/5996/tsm,7,3000
/events/2538/esea-season-23-mdl-global-challenge,/team/7104/rush,7,3000
/events/2749/esea-season-24-mdl-global-challenge,/team/5395/penta,1,18000
/events/2749/esea-season-24-mdl-global-challenge,/team/7532/big,2,10000
/events/2749/esea-season-24-mdl-global-challenge,/team/6301/splyce,3,5000
/events/2749/esea-season-24-mdl-global-challenge,/team/6902/godsent,3,5000
/events/2749/esea-season-24-mdl-global-challenge,/team/4773/pain,5,3000
/events/2749/esea-season-24-mdl-global-challenge,/team/7212/dark-sided,5,3000
/events/2749/esea-season-24-mdl-global-challenge,/team/7592/enigma6,7,3000
/events/2749/esea-season-24-mdl-global-challenge,/team/7801/ghost,7,3000
/events/2684/dreamhack-masters-malm-2017,/team/5995/g2,1,100000
/events/2684/dreamhack-masters-malm-2017,/team/7533/north,2,50000
/events/2684/dreamhack-masters-malm-2017,/team/4411/nip,3,22000
/events/2684/dreamhack-masters-malm-2017,/team/6651/gambit,3,22000
/events/2684/dreamhack-masters-malm-2017,/team/6137/sk,5,10000
/events/2684/dreamhack-masters-malm-2017,/team/4608/natus-vincere,5,10000
/events/2684/dreamhack-masters-malm-2017,/team/6665/astralis,5,10000
/events/2684/dreamhack-masters-malm-2017,/team/7010/immortals,5,10000
/events/2684/dreamhack-masters-malm-2017,/team/6211/renegades,9,2000
/events/2684/dreamhack-masters-malm-2017,/team/4991/fnatic,9,2000
/events/2684/dreamhack-masters-malm-2017,/team/6667/faze,9,2000
/events/2684/dreamhack-masters-malm-2017,/team/5752/cloud9,9,2000
/events/2684/dreamhack-masters-malm-2017,/team/4494/mousesports,13,2000
/events/2684/dreamhack-masters-malm-2017,/team/5378/virtuspro,13,2000
/events/2684/dreamhack-masters-malm-2017,/team/5991/envyus,13,2000
/events/2684/dreamhack-masters-malm-2017,/team/7567/boot-ds,13,2000
/events/3061/esg-tour-mykonos-2017,/team/4494/mousesports,1,117500
/events/3061/esg-tour-mykonos-2017,/team/5973/liquid,2,47000
/events/3061/esg-tour-mykonos-2017,/team/6137/sk,3,23500
/events/3061/esg-tour-mykonos-2017,/team/5378/virtuspro,4,23500
/events/3061/esg-tour-mykonos-2017,/team/6651/gambit,5,5875
/events/3061/esg-tour-mykonos-2017,/team/7532/big,5,5875
/events/3061/esg-tour-mykonos-2017,/team/5991/envyus,7,5875
/events/3061/esg-tour-mykonos-2017,/team/7175/heroic,7,5875
/events/2572/dreamhack-open-montreal-2017,/team/7533/north,1,50000
/events/2572/dreamhack-open-montreal-2017,/team/7010/immortals,2,20000
/events/2572/dreamhack-open-montreal-2017,/team/5752/cloud9,3,10000
/events/2572/dreamhack-open-montreal-2017,/team/5974/clg,3,10000
/events/2572/dreamhack-open-montreal-2017,/team/6134/kinguin,5,3000
/events/2572/dreamhack-open-montreal-2017,/team/6290/luminosity,5,3000
/events/2572/dreamhack-open-montreal-2017,/team/5005/complexity,7,2000
/events/2572/dreamhack-open-montreal-2017,/team/8181/gale-force,7,2000
/events/2636/esl-one-new-york-2017,/team/6667/faze,1,125000
/events/2636/esl-one-new-york-2017,/team/5973/liquid,2,50000
/events/2636/esl-one-new-york-2017,/team/5752/cloud9,3,25000
/events/2636/esl-one-new-york-2017,/team/6137/sk,3,25000
/events/2636/esl-one-new-york-2017,/team/4608/natus-vincere,5,8500
/events/2636/esl-one-new-york-2017,/team/6665/astralis,5,8500
/events/2636/esl-one-new-york-2017,/team/5378/virtuspro,7,4000
/events/2636/esl-one-new-york-2017,/team/5991/envyus,7,4000
/events/3046/esea-season-25-mdl-global-challenge,/team/5929/space-soldiers,1,18000
/events/3046/esea-season-25-mdl-global-challenge,/team/5988/flipsid3,2,10000
/events/3046/esea-season-25-mdl-global-challenge,/team/6134/kinguin,3,5000
/events/3046/esea-season-25-mdl-global-challenge,/team/7924/rise-nation,3,5000
/events/3046/esea-season-25-mdl-global-challenge,/team/6947/teamone,5,3000
/events/3046/esea-season-25-mdl-global-challenge,/team/8008/grayhound,5,3000
/events/3046/esea-season-25-mdl-global-challenge,/team/5479/mythic,7,3000
/events/3046/esea-season-25-mdl-global-challenge,/team/7616/french-canadians,7,3000
/events/3189/china-top-2017,/team/6094/vega-squadron,1,46000
/events/3189/china-top-2017,/team/7606/vici,2,31000
/events/3189/china-top-2017,/team/7567/boot-ds,3,15000
/events/3189/china-top-2017,/team/8225/goldenmix,4,8000
/events/3016/eleague-csgo-premier-2017,/team/6667/faze,1,500000
/events/3016/eleague-csgo-premier-2017,/team/6665/astralis,2,150000
/events/3016/eleague-csgo-premier-2017,/team/5752/cloud9,3,70000
/events/3016/eleague-csgo-premier-2017,/team/7533/north,3,70000
/events/3016/eleague-csgo-premier-2017,/team/5995/g2,5,35000
/events/3016/eleague-csgo-premier-2017,/team/4991/fnatic,5,35000
/events/3016/eleague-csgo-premier-2017,/team/7175/heroic,5,35000
/events/3016/eleague-csgo-premier-2017,/team/5991/envyus,5,35000
/events/3016/eleague-csgo-premier-2017,/team/4411/nip,9,8750
/events/3016/eleague-csgo-premier-2017,/team/6137/sk,9,8750
/events/3016/eleague-csgo-premier-2017,/team/4608/natus-vincere,9,8750
/events/3016/eleague-csgo-premier-2017,/team/7010/immortals,9,8750
/events/3016/eleague-csgo-premier-2017,/team/4494/mousesports,13,8750
/events/3016/eleague-csgo-premier-2017,/team/6211/renegades,13,8750
/events/3016/eleague-csgo-premier-2017,/team/5378/virtuspro,13,8750
/events/3016/eleague-csgo-premier-2017,/team/5973/liquid,13,8750
/events/3183/rog-masters-2017-emea-finals,/team/4494/mousesports,1,
/events/3183/rog-masters-2017-emea-finals,/team/6651/gambit,2,
/events/3183/rog-masters-2017-emea-finals,/team/6094/vega-squadron,3,
/events/3183/rog-masters-2017-emea-finals,/team/8452/seed,3,
/events/3183/rog-masters-2017-emea-finals,/team/4501/alternate-attax,5,
/events/3183/rog-masters-2017-emea-finals,/team/4602/tricked,5,
/events/3183/rog-masters-2017-emea-finals,/team/6693/panthers,5,
/events/3183/rog-masters-2017-emea-finals,/team/6978/singularity,5,
